Country,Country Code,Percent,Millions,Continent Code,Start,End
Afghanistan,AFG,23,7.5,AS,2014,2016
Afghanistan,AFG,23.8,7.5,AS,2013,2015
Afghanistan,AFG,23.4,7.2,AS,2012,2014
Afghanistan,AFG,22.7,6.8,AS,2011,2013
Afghanistan,AFG,22.2,6.4,AS,2010,2012
Afghanistan,AFG,22.3,6.2,AS,2009,2011
Afghanistan,AFG,23,6.3,AS,2008,2010
Afghanistan,AFG,24.6,6.5,AS,2007,2009
Afghanistan,AFG,27.1,7,AS,2006,2008
Afghanistan,AFG,30.2,7.6,AS,2005,2007
Afghanistan,AFG,33.2,8.1,AS,2004,2006
Afghanistan,AFG,36.1,8.5,AS,2003,2005
Afghanistan,AFG,39.8,9,AS,2002,2004
Afghanistan,AFG,43.7,9.4,AS,2001,2003
Afghanistan,AFG,46.4,9.6,AS,2000,2002
Afghanistan,AFG,46.1,9.1,AS,1999,2001
Albania,ALB,4.9,0.1,EU,2014,2016
Albania,ALB,5.1,0.1,EU,2013,2015
Albania,ALB,5.5,0.2,EU,2012,2014
Albania,ALB,6,0.2,EU,2011,2013
Albania,ALB,6.7,0.2,EU,2010,2012
Albania,ALB,7.6,0.2,EU,2009,2011
Albania,ALB,8.7,0.3,EU,2008,2010
Albania,ALB,9.7,0.3,EU,2007,2009
Albania,ALB,10.5,0.3,EU,2006,2008
Albania,ALB,11,0.3,EU,2005,2007
Albania,ALB,11.1,0.3,EU,2004,2006
Albania,ALB,10.7,0.3,EU,2003,2005
Albania,ALB,9.7,0.3,EU,2002,2004
Albania,ALB,8.7,0.3,EU,2001,2003
Albania,ALB,7.8,0.2,EU,2000,2002
Albania,ALB,7.2,0.2,EU,1999,2001
Algeria,DZA,4.6,1.8,AF,2014,2016
Algeria,DZA,4.6,1.8,AF,2013,2015
Algeria,DZA,4.7,1.8,AF,2012,2014
Algeria,DZA,5,1.9,AF,2011,2013
Algeria,DZA,5.6,2,AF,2010,2012
Algeria,DZA,6.3,2.3,AF,2009,2011
Algeria,DZA,7,2.5,AF,2008,2010
Algeria,DZA,7.5,2.6,AF,2007,2009
Algeria,DZA,8,2.7,AF,2006,2008
Algeria,DZA,8.4,2.8,AF,2005,2007
Algeria,DZA,8.8,2.9,AF,2004,2006
Algeria,DZA,9,3,AF,2003,2005
Algeria,DZA,9.3,3,AF,2002,2004
Algeria,DZA,9.7,3.1,AF,2001,2003
Algeria,DZA,10.2,3.2,AF,2000,2002
Algeria,DZA,10.7,3.3,AF,1999,2001
Angola,AGO,14,3.5,AS,2014,2016
Angola,AGO,14.4,3.5,AS,2013,2015
Angola,AGO,15.3,3.6,AS,2012,2014
Angola,AGO,16.7,3.8,AS,2011,2013
Angola,AGO,17.9,3.9,AS,2010,2012
Angola,AGO,19.4,4.1,AS,2009,2011
Angola,AGO,21.3,4.4,AS,2008,2010
Angola,AGO,23.7,4.7,AS,2007,2009
Angola,AGO,26.5,5.1,AS,2006,2008
Angola,AGO,29.3,5.4,AS,2005,2007
Angola,AGO,32.1,5.8,AS,2004,2006
Angola,AGO,35,6.1,AS,2003,2005
Angola,AGO,38.6,6.4,AS,2002,2004
Angola,AGO,42.7,6.9,AS,2001,2003
Angola,AGO,46.7,7.3,AS,2000,2002
Angola,AGO,50,7.5,AS,1999,2001
Argentina,ARG,3.6,1.6,EU,2014,2016
Argentina,ARG,3.4,1.5,EU,2013,2015
Argentina,ARG,3.6,1.5,EU,2012,2014
Argentina,ARG,3.7,1.6,EU,2011,2013
Argentina,ARG,3.9,1.6,EU,2010,2012
Argentina,ARG,4,1.7,EU,2009,2011
Argentina,ARG,4.1,1.7,EU,2008,2010
Argentina,ARG,4.1,1.7,EU,2007,2009
Argentina,ARG,4.2,1.7,EU,2006,2008
Argentina,ARG,4.4,1.7,EU,2005,2007
Argentina,ARG,4.7,1.9,EU,2004,2006
Argentina,ARG,5.2,2,EU,2003,2005
Argentina,ARG,5.3,2,EU,2002,2004
Argentina,ARG,4.9,1.9,EU,2001,2003
Argentina,ARG,4.1,1.5,EU,2000,2002
Argentina,ARG,3.5,1.3,EU,1999,2001
Armenia,ARM,4.4,0.1,EU,2014,2016
Armenia,ARM,4.2,0.1,EU,2013,2015
Armenia,ARM,4.6,0.1,EU,2012,2014
Armenia,ARM,5.2,0.2,EU,2011,2013
Armenia,ARM,5.7,0.2,EU,2010,2012
Armenia,ARM,5.8,0.2,EU,2009,2011
Armenia,ARM,5.5,0.2,EU,2008,2010
Armenia,ARM,5.2,0.2,EU,2007,2009
Armenia,ARM,5.5,0.2,EU,2006,2008
Armenia,ARM,6.3,0.2,EU,2005,2007
Armenia,ARM,8,0.2,EU,2004,2006
Armenia,ARM,11.1,0.3,EU,2003,2005
Armenia,ARM,15.7,0.5,EU,2002,2004
Armenia,ARM,20.8,0.6,EU,2001,2003
Armenia,ARM,23.6,0.7,EU,2000,2002
Armenia,ARM,23.8,0.7,EU,1999,2001
Azerbaijan,AZE,2.6,0.2,EU,2008,2010
Azerbaijan,AZE,2.6,0.2,EU,2007,2009
Azerbaijan,AZE,2.9,0.3,EU,2006,2008
Azerbaijan,AZE,3.8,0.3,EU,2005,2007
Azerbaijan,AZE,5.7,0.5,EU,2004,2006
Azerbaijan,AZE,8.4,0.7,EU,2003,2005
Azerbaijan,AZE,11.6,1,EU,2002,2004
Azerbaijan,AZE,15,1.2,EU,2001,2003
Azerbaijan,AZE,18.8,1.5,EU,2000,2002
Azerbaijan,AZE,23.2,1.9,EU,1999,2001
Bangladesh,BGD,15.1,24.4,AS,2014,2016
Bangladesh,BGD,16,25.4,AS,2013,2015
Bangladesh,BGD,16.4,25.8,AS,2012,2014
Bangladesh,BGD,16.8,26.1,AS,2011,2013
Bangladesh,BGD,16.9,26,AS,2010,2012
Bangladesh,BGD,16.9,25.6,AS,2009,2011
Bangladesh,BGD,16.6,24.9,AS,2008,2010
Bangladesh,BGD,16.4,24.3,AS,2007,2009
Bangladesh,BGD,16.3,23.9,AS,2006,2008
Bangladesh,BGD,16.3,23.6,AS,2005,2007
Bangladesh,BGD,16.6,23.7,AS,2004,2006
Bangladesh,BGD,17.1,24,AS,2003,2005
Bangladesh,BGD,17.5,24.3,AS,2002,2004
Bangladesh,BGD,18.2,24.8,AS,2001,2003
Bangladesh,BGD,18.7,25.1,AS,2000,2002
Bangladesh,BGD,20.8,27.2,AS,1999,2001
Belarus,BLR,3,0.3,EU,2004,2006
Belarus,BLR,3.6,0.3,EU,2003,2005
Belarus,BLR,3.7,0.4,EU,2002,2004
Belarus,BLR,3.2,0.3,EU,2001,2003
Benin,BEN,10.3,1.1,EU,2014,2016
Benin,BEN,10,1.1,EU,2013,2015
Benin,BEN,10.8,1.1,EU,2012,2014
Benin,BEN,11.3,1.1,EU,2011,2013
Benin,BEN,11.7,1.1,EU,2010,2012
Benin,BEN,12.1,1.2,EU,2009,2011
Benin,BEN,12.4,1.1,EU,2008,2010
Benin,BEN,12.8,1.2,EU,2007,2009
Benin,BEN,13.4,1.2,EU,2006,2008
Benin,BEN,14.4,1.2,EU,2005,2007
Benin,BEN,15.4,1.3,EU,2004,2006
Benin,BEN,16.3,1.3,EU,2003,2005
Benin,BEN,17.3,1.3,EU,2002,2004
Benin,BEN,18.6,1.4,EU,2001,2003
Benin,BEN,20.5,1.5,EU,2000,2002
Benin,BEN,22.6,1.6,EU,1999,2001
Bolivia (Plurinational State of),BOL,20.2,2.2,NA,2014,2016
Bolivia (Plurinational State of),BOL,20.8,2.2,NA,2013,2015
Bolivia (Plurinational State of),BOL,21.9,2.3,NA,2012,2014
Bolivia (Plurinational State of),BOL,23.1,2.4,NA,2011,2013
Bolivia (Plurinational State of),BOL,24.6,2.5,NA,2010,2012
Bolivia (Plurinational State of),BOL,26.5,2.6,NA,2009,2011
Bolivia (Plurinational State of),BOL,28,2.7,NA,2008,2010
Bolivia (Plurinational State of),BOL,28.1,2.7,NA,2007,2009
Bolivia (Plurinational State of),BOL,28,2.6,NA,2006,2008
Bolivia (Plurinational State of),BOL,28.7,2.7,NA,2005,2007
Bolivia (Plurinational State of),BOL,30.3,2.8,NA,2004,2006
Bolivia (Plurinational State of),BOL,31.4,2.8,NA,2003,2005
Bolivia (Plurinational State of),BOL,31.4,2.8,NA,2002,2004
Bolivia (Plurinational State of),BOL,31.2,2.7,NA,2001,2003
Bolivia (Plurinational State of),BOL,31.6,2.7,NA,2000,2002
Bolivia (Plurinational State of),BOL,33.4,2.8,NA,1999,2001
Bosnia and Herzegovina,BIH,2.8,0.1,EU,2007,2009
Bosnia and Herzegovina,BIH,3,0.1,EU,2006,2008
Bosnia and Herzegovina,BIH,3.1,0.1,EU,2005,2007
Bosnia and Herzegovina,BIH,3.4,0.1,EU,2004,2006
Bosnia and Herzegovina,BIH,3.7,0.1,EU,2003,2005
Bosnia and Herzegovina,BIH,4.4,0.2,EU,2002,2004
Bosnia and Herzegovina,BIH,4.8,0.2,EU,2001,2003
Bosnia and Herzegovina,BIH,5,0.2,EU,2000,2002
Bosnia and Herzegovina,BIH,4.7,0.2,EU,1999,2001
Botswana,BWA,26,0.6,AN,2014,2016
Botswana,BWA,24.6,0.5,AN,2013,2015
Botswana,BWA,24.6,0.5,AN,2012,2014
Botswana,BWA,25.1,0.5,AN,2011,2013
Botswana,BWA,26.6,0.6,AN,2010,2012
Botswana,BWA,28.6,0.6,AN,2009,2011
Botswana,BWA,30.5,0.6,AN,2008,2010
Botswana,BWA,31.9,0.6,AN,2007,2009
Botswana,BWA,32.5,0.6,AN,2006,2008
Botswana,BWA,32.3,0.6,AN,2005,2007
Botswana,BWA,32,0.6,AN,2004,2006
Botswana,BWA,32.5,0.6,AN,2003,2005
Botswana,BWA,33.5,0.6,AN,2002,2004
Botswana,BWA,34.7,0.6,AN,2001,2003
Botswana,BWA,35,0.6,AN,2000,2002
Botswana,BWA,35.6,0.6,AN,1999,2001
Brazil,BRA,2.6,5.1,NA,2007,2009
Brazil,BRA,3.1,6.1,NA,2006,2008
Brazil,BRA,3.8,7.3,NA,2005,2007
Brazil,BRA,4.5,8.6,NA,2004,2006
Brazil,BRA,5.5,10.2,NA,2003,2005
Brazil,BRA,6.9,12.6,NA,2002,2004
Brazil,BRA,8.7,15.8,NA,2001,2003
Brazil,BRA,10.6,18.9,NA,2000,2002
Brazil,BRA,12,21.1,NA,1999,2001
Bulgaria,BGR,3.4,0.2,AN,2014,2016
Bulgaria,BGR,3.8,0.3,AN,2013,2015
Bulgaria,BGR,4.4,0.3,AN,2012,2014
Bulgaria,BGR,5,0.4,AN,2011,2013
Bulgaria,BGR,5.4,0.4,AN,2010,2012
Bulgaria,BGR,5.6,0.4,AN,2009,2011
Bulgaria,BGR,5.7,0.4,AN,2008,2010
Bulgaria,BGR,5.8,0.4,AN,2007,2009
Bulgaria,BGR,6.2,0.5,AN,2006,2008
Bulgaria,BGR,6.4,0.5,AN,2005,2007
Bulgaria,BGR,6.5,0.5,AN,2004,2006
Bulgaria,BGR,6.3,0.5,AN,2003,2005
Bulgaria,BGR,6,0.5,AN,2002,2004
Bulgaria,BGR,5.6,0.4,AN,2001,2003
Bulgaria,BGR,5.1,0.4,AN,2000,2002
Bulgaria,BGR,4.8,0.4,AN,1999,2001
Burkina Faso,BFA,20.2,3.7,EU,2014,2016
Burkina Faso,BFA,19.1,3.4,EU,2013,2015
Burkina Faso,BFA,19.9,3.4,EU,2012,2014
Burkina Faso,BFA,20.2,3.3,EU,2011,2013
Burkina Faso,BFA,20.7,3.3,EU,2010,2012
Burkina Faso,BFA,21.2,3.3,EU,2009,2011
Burkina Faso,BFA,21.9,3.3,EU,2008,2010
Burkina Faso,BFA,22.6,3.3,EU,2007,2009
Burkina Faso,BFA,23.5,3.4,EU,2006,2008
Burkina Faso,BFA,24.2,3.4,EU,2005,2007
Burkina Faso,BFA,24.9,3.3,EU,2004,2006
Burkina Faso,BFA,25.3,3.3,EU,2003,2005
Burkina Faso,BFA,25.6,3.2,EU,2002,2004
Burkina Faso,BFA,25.8,3.2,EU,2001,2003
Burkina Faso,BFA,25.6,3.1,EU,2000,2002
Burkina Faso,BFA,25.4,2.9,EU,1999,2001
Cambodia,KHM,15.3,2.4,AS,2014,2016
Cambodia,KHM,16.1,2.5,AS,2013,2015
Cambodia,KHM,17.1,2.6,AS,2012,2014
Cambodia,KHM,18,2.7,AS,2011,2013
Cambodia,KHM,18.6,2.7,AS,2010,2012
Cambodia,KHM,18.8,2.7,AS,2009,2011
Cambodia,KHM,18.8,2.7,AS,2008,2010
Cambodia,KHM,18.7,2.6,AS,2007,2009
Cambodia,KHM,18.8,2.6,AS,2006,2008
Cambodia,KHM,19.2,2.6,AS,2005,2007
Cambodia,KHM,20,2.7,AS,2004,2006
Cambodia,KHM,20.8,2.7,AS,2003,2005
Cambodia,KHM,21.8,2.8,AS,2002,2004
Cambodia,KHM,23.3,3,AS,2001,2003
Cambodia,KHM,25.9,3.2,AS,2000,2002
Cambodia,KHM,29.2,3.6,AS,1999,2001
Cameroon,CMR,7.9,1.9,AN,2014,2016
Cameroon,CMR,7.9,1.8,AN,2013,2015
Cameroon,CMR,8.3,1.8,AN,2012,2014
Cameroon,CMR,9.1,2,AN,2011,2013
Cameroon,CMR,10.2,2.2,AN,2010,2012
Cameroon,CMR,11.6,2.4,AN,2009,2011
Cameroon,CMR,13,2.6,AN,2008,2010
Cameroon,CMR,14.5,2.8,AN,2007,2009
Cameroon,CMR,16.3,3.1,AN,2006,2008
Cameroon,CMR,18.2,3.4,AN,2005,2007
Cameroon,CMR,20.2,3.7,AN,2004,2006
Cameroon,CMR,22.3,3.9,AN,2003,2005
Cameroon,CMR,24.2,4.2,AN,2002,2004
Cameroon,CMR,26.3,4.4,AN,2001,2003
Cameroon,CMR,28.3,4.6,AN,2000,2002
Cameroon,CMR,30.6,4.9,AN,1999,2001
Central African Republic,CAF,58.6,2.9,AN,2014,2016
Central African Republic,CAF,55.1,2.6,AN,2013,2015
Central African Republic,CAF,48.6,2.3,AN,2012,2014
Central African Republic,CAF,40.9,1.9,AN,2011,2013
Central African Republic,CAF,35.6,1.6,AN,2010,2012
Central African Republic,CAF,33.3,1.5,AN,2009,2011
Central African Republic,CAF,33.6,1.5,AN,2008,2010
Central African Republic,CAF,34.7,1.5,AN,2007,2009
Central African Republic,CAF,36.4,1.5,AN,2006,2008
Central African Republic,CAF,38.3,1.6,AN,2005,2007
Central African Republic,CAF,39.9,1.6,AN,2004,2006
Central African Republic,CAF,41.1,1.6,AN,2003,2005
Central African Republic,CAF,41.6,1.6,AN,2002,2004
Central African Republic,CAF,41.6,1.6,AN,2001,2003
Central African Republic,CAF,42,1.6,AN,2000,2002
Central African Republic,CAF,42.6,1.6,AN,1999,2001
Chad,TCD,32.5,4.6,OC,2014,2016
Chad,TCD,35.3,4.8,OC,2013,2015
Chad,TCD,36.9,4.8,OC,2012,2014
Chad,TCD,37.6,4.8,OC,2011,2013
Chad,TCD,38.9,4.8,OC,2010,2012
Chad,TCD,39.9,4.8,OC,2009,2011
Chad,TCD,40.7,4.7,OC,2008,2010
Chad,TCD,40.7,4.5,OC,2007,2009
Chad,TCD,40.3,4.3,OC,2006,2008
Chad,TCD,39.7,4.1,OC,2005,2007
Chad,TCD,39.2,3.9,OC,2004,2006
Chad,TCD,39.1,3.8,OC,2003,2005
Chad,TCD,39.1,3.7,OC,2002,2004
Chad,TCD,39.7,3.6,OC,2001,2003
Chad,TCD,39.8,3.4,OC,2000,2002
Chad,TCD,40.1,3.3,OC,1999,2001
Chile,CHL,3.7,0.7,AN,2014,2016
Chile,CHL,3.8,0.7,AN,2013,2015
Chile,CHL,3.8,0.7,AN,2012,2014
Chile,CHL,3.9,0.7,AN,2011,2013
Chile,CHL,4.1,0.7,AN,2010,2012
Chile,CHL,4.2,0.7,AN,2009,2011
Chile,CHL,4.3,0.7,AN,2008,2010
Chile,CHL,4.1,0.7,AN,2007,2009
Chile,CHL,4,0.7,AN,2006,2008
Chile,CHL,3.9,0.6,AN,2005,2007
Chile,CHL,4,0.6,AN,2004,2006
Chile,CHL,4,0.6,AN,2003,2005
Chile,CHL,4.1,0.6,AN,2002,2004
Chile,CHL,4.2,0.6,AN,2001,2003
Chile,CHL,4.4,0.7,AN,2000,2002
Chile,CHL,4.7,0.7,AN,1999,2001
China,CHN,9.6,134.7,AN,2014,2016
China,CHN,9.9,138.7,AN,2013,2015
China,CHN,10.3,144.1,AN,2012,2014
China,CHN,10.8,149.6,AN,2011,2013
China,CHN,11.3,156,AN,2010,2012
China,CHN,11.9,163.7,AN,2009,2011
China,CHN,12.7,173.3,AN,2008,2010
China,CHN,13.5,182.9,AN,2007,2009
China,CHN,14.2,192.2,AN,2006,2008
China,CHN,14.9,199.5,AN,2005,2007
China,CHN,15.3,204.3,AN,2004,2006
China,CHN,15.6,206.8,AN,2003,2005
China,CHN,15.7,207.6,AN,2002,2004
China,CHN,15.8,207.1,AN,2001,2003
China,CHN,15.8,206.8,AN,2000,2002
China,CHN,15.9,206.1,AN,1999,2001
Colombia,COL,7.1,3.4,AN,2014,2016
Colombia,COL,7.7,3.7,AN,2013,2015
Colombia,COL,8.8,4.2,AN,2012,2014
Colombia,COL,10,4.7,AN,2011,2013
Colombia,COL,10.9,5,AN,2010,2012
Colombia,COL,11.1,5.1,AN,2009,2011
Colombia,COL,10.4,4.7,AN,2008,2010
Colombia,COL,9.5,4.3,AN,2007,2009
Colombia,COL,9.3,4.1,AN,2006,2008
Colombia,COL,9.6,4.2,AN,2005,2007
Colombia,COL,9.7,4.2,AN,2004,2006
Colombia,COL,9.3,4,AN,2003,2005
Colombia,COL,9.2,3.9,AN,2002,2004
Colombia,COL,9.2,3.8,AN,2001,2003
Colombia,COL,9.4,3.9,AN,2000,2002
Colombia,COL,9.7,3.9,AN,1999,2001
Congo,COD,28.2,1.3,AN,2014,2016
Congo,COD,27.1,1.2,AN,2013,2015
Congo,COD,27.3,1.2,AN,2012,2014
Congo,COD,28.3,1.2,AN,2011,2013
Congo,COD,29.2,1.2,AN,2010,2012
Congo,COD,30.8,1.3,AN,2009,2011
Congo,COD,32,1.3,AN,2008,2010
Congo,COD,33,1.3,AN,2007,2009
Congo,COD,34,1.3,AN,2006,2008
Congo,COD,34,1.2,AN,2005,2007
Congo,COD,33.4,1.2,AN,2004,2006
Congo,COD,30.7,1,AN,2003,2005
Congo,COD,28.8,1,AN,2002,2004
Congo,COD,27.9,0.9,AN,2001,2003
Congo,COD,29.6,0.9,AN,2000,2002
Congo,COD,32.5,1,AN,1999,2001
Congo,COG,28.2,1.3,AN,2014,2016
Congo,COG,27.1,1.2,AN,2013,2015
Congo,COG,27.3,1.2,AN,2012,2014
Congo,COG,28.3,1.2,AN,2011,2013
Congo,COG,29.2,1.2,AN,2010,2012
Congo,COG,30.8,1.3,AN,2009,2011
Congo,COG,32,1.3,AN,2008,2010
Congo,COG,33,1.3,AN,2007,2009
Congo,COG,34,1.3,AN,2006,2008
Congo,COG,34,1.2,AN,2005,2007
Congo,COG,33.4,1.2,AN,2004,2006
Congo,COG,30.7,1,AN,2003,2005
Congo,COG,28.8,1,AN,2002,2004
Congo,COG,27.9,0.9,AN,2001,2003
Congo,COG,29.6,0.9,AN,2000,2002
Congo,COG,32.5,1,AN,1999,2001
Costa Rica,CRI,5.6,0.3,AN,2014,2016
Costa Rica,CRI,5.7,0.3,AN,2013,2015
Costa Rica,CRI,5.6,0.3,AN,2012,2014
Costa Rica,CRI,5.4,0.3,AN,2011,2013
Costa Rica,CRI,5.2,0.2,AN,2010,2012
Costa Rica,CRI,5.2,0.2,AN,2009,2011
Costa Rica,CRI,5.2,0.2,AN,2008,2010
Costa Rica,CRI,5.1,0.2,AN,2007,2009
Costa Rica,CRI,5,0.2,AN,2006,2008
Costa Rica,CRI,5.1,0.2,AN,2005,2007
Costa Rica,CRI,5.4,0.2,AN,2004,2006
Costa Rica,CRI,5.8,0.2,AN,2003,2005
Costa Rica,CRI,5.9,0.2,AN,2002,2004
Costa Rica,CRI,5.7,0.2,AN,2001,2003
Costa Rica,CRI,5.3,0.2,AN,2000,2002
Costa Rica,CRI,5.1,0.2,AN,1999,2001
Ivory Coast,CIV,15.4,3.5,AN,2014,2016
Ivory Coast,CIV,15.1,3.3,AN,2013,2015
Ivory Coast,CIV,15.2,3.3,AN,2012,2014
Ivory Coast,CIV,15.6,3.3,AN,2011,2013
Ivory Coast,CIV,16,3.3,AN,2010,2012
Ivory Coast,CIV,16.5,3.3,AN,2009,2011
Ivory Coast,CIV,16.6,3.3,AN,2008,2010
Ivory Coast,CIV,16.5,3.2,AN,2007,2009
Ivory Coast,CIV,16,3,AN,2006,2008
Ivory Coast,CIV,15.9,2.9,AN,2005,2007
Ivory Coast,CIV,16.2,2.9,AN,2004,2006
Ivory Coast,CIV,16.9,3,AN,2003,2005
Ivory Coast,CIV,17.9,3.1,AN,2002,2004
Ivory Coast,CIV,18.5,3.2,AN,2001,2003
Ivory Coast,CIV,18.5,3.1,AN,2000,2002
Ivory Coast,CIV,17.6,2.9,AN,1999,2001
Croatia,HRV,2.6,0.1,NA,2010,2012
Croatia,HRV,2.5,0.1,NA,2009,2011
Croatia,HRV,2.9,0.1,NA,2004,2006
Croatia,HRV,3.5,0.2,NA,2003,2005
Croatia,HRV,4.4,0.2,NA,2002,2004
Croatia,HRV,5.8,0.3,NA,2001,2003
Croatia,HRV,7.8,0.3,NA,2000,2002
Croatia,HRV,10.4,0.5,NA,1999,2001
Cuba,CUB,2.8,0.3,AN,2000,2002
Cuba,CUB,3.7,0.4,AN,1999,2001
North Korea,PRK,40.8,10.3,AS,2014,2016
North Korea,PRK,41,10.2,AS,2013,2015
North Korea,PRK,41.4,10.3,AS,2012,2014
North Korea,PRK,41.7,10.3,AS,2011,2013
North Korea,PRK,41.9,10.3,AS,2010,2012
North Korea,PRK,41.8,10.3,AS,2009,2011
North Korea,PRK,41.6,10.1,AS,2008,2010
North Korea,PRK,40.8,9.9,AS,2007,2009
North Korea,PRK,39.3,9.5,AS,2006,2008
North Korea,PRK,37.3,8.9,AS,2005,2007
North Korea,PRK,35.4,8.4,AS,2004,2006
North Korea,PRK,34.1,8.1,AS,2003,2005
North Korea,PRK,34.5,8.1,AS,2002,2004
North Korea,PRK,35.5,8.3,AS,2001,2003
North Korea,PRK,37.1,8.6,AS,2000,2002
North Korea,PRK,37.5,8.6,AS,1999,2001
Djibouti,DJI,12.8,0.1,AN,2014,2016
Djibouti,DJI,14.7,0.1,AN,2013,2015
Djibouti,DJI,17.2,0.1,AN,2012,2014
Djibouti,DJI,19.4,0.2,AN,2011,2013
Djibouti,DJI,21.2,0.2,AN,2010,2012
Djibouti,DJI,22.3,0.2,AN,2009,2011
Djibouti,DJI,23,0.2,AN,2008,2010
Djibouti,DJI,24.1,0.2,AN,2007,2009
Djibouti,DJI,25.8,0.2,AN,2006,2008
Djibouti,DJI,28.8,0.2,AN,2005,2007
Djibouti,DJI,32.5,0.3,AN,2004,2006
Djibouti,DJI,36.6,0.3,AN,2003,2005
Djibouti,DJI,40.1,0.3,AN,2002,2004
Djibouti,DJI,43,0.3,AN,2001,2003
Djibouti,DJI,45.6,0.3,AN,2000,2002
Djibouti,DJI,48.1,0.3,AN,1999,2001
Dominican Republic,DOM,13.5,1.4,NA,2014,2016
Dominican Republic,DOM,13.7,1.4,NA,2013,2015
Dominican Republic,DOM,13.6,1.4,NA,2012,2014
Dominican Republic,DOM,13.8,1.4,NA,2011,2013
Dominican Republic,DOM,14.6,1.5,NA,2010,2012
Dominican Republic,DOM,16.5,1.6,NA,2009,2011
Dominican Republic,DOM,18.6,1.8,NA,2008,2010
Dominican Republic,DOM,20.2,1.9,NA,2007,2009
Dominican Republic,DOM,20.9,2,NA,2006,2008
Dominican Republic,DOM,21.9,2.1,NA,2005,2007
Dominican Republic,DOM,24.4,2.3,NA,2004,2006
Dominican Republic,DOM,27,2.5,NA,2003,2005
Dominican Republic,DOM,28.3,2.5,NA,2002,2004
Dominican Republic,DOM,27.5,2.4,NA,2001,2003
Dominican Republic,DOM,27.1,2.4,NA,2000,2002
Dominican Republic,DOM,28.1,2.4,NA,1999,2001
Ecuador,ECU,12.1,1.9,NA,2014,2016
Ecuador,ECU,11.9,1.9,NA,2013,2015
Ecuador,ECU,11.7,1.8,NA,2012,2014
Ecuador,ECU,11.5,1.8,NA,2011,2013
Ecuador,ECU,11.7,1.8,NA,2010,2012
Ecuador,ECU,12.2,1.8,NA,2009,2011
Ecuador,ECU,13.5,2,NA,2008,2010
Ecuador,ECU,14.6,2.1,NA,2007,2009
Ecuador,ECU,15.6,2.2,NA,2006,2008
Ecuador,ECU,16.2,2.3,NA,2005,2007
Ecuador,ECU,17,2.3,NA,2004,2006
Ecuador,ECU,17.7,2.4,NA,2003,2005
Ecuador,ECU,18.6,2.5,NA,2002,2004
Ecuador,ECU,18.9,2.5,NA,2001,2003
Ecuador,ECU,18.8,2.4,NA,2000,2002
Ecuador,ECU,18.5,2.3,NA,1999,2001
Egypt,EGY,4.5,4.1,NA,2014,2016
Egypt,EGY,4.4,3.9,NA,2013,2015
Egypt,EGY,4.4,3.8,NA,2012,2014
Egypt,EGY,4.4,3.8,NA,2011,2013
Egypt,EGY,4.5,3.7,NA,2010,2012
Egypt,EGY,4.5,3.7,NA,2009,2011
Egypt,EGY,4.5,3.7,NA,2008,2010
Egypt,EGY,4.6,3.6,NA,2007,2009
Egypt,EGY,4.8,3.7,NA,2006,2008
Egypt,EGY,5.1,3.9,NA,2005,2007
Egypt,EGY,5.4,4.1,NA,2004,2006
Egypt,EGY,5.5,4.1,NA,2003,2005
Egypt,EGY,5.4,3.9,NA,2002,2004
Egypt,EGY,5.2,3.7,NA,2001,2003
Egypt,EGY,5.2,3.6,NA,2000,2002
Egypt,EGY,5.3,3.6,NA,1999,2001
El Salvador,SLV,12.3,0.8,OC,2014,2016
El Salvador,SLV,12.1,0.7,OC,2013,2015
El Salvador,SLV,12.4,0.8,OC,2012,2014
El Salvador,SLV,12.8,0.8,OC,2011,2013
El Salvador,SLV,12.9,0.8,OC,2010,2012
El Salvador,SLV,12.7,0.8,OC,2009,2011
El Salvador,SLV,12.2,0.7,OC,2008,2010
El Salvador,SLV,11.6,0.7,OC,2007,2009
El Salvador,SLV,11.2,0.7,OC,2006,2008
El Salvador,SLV,11,0.7,OC,2005,2007
El Salvador,SLV,10.7,0.6,OC,2004,2006
El Salvador,SLV,10.2,0.6,OC,2003,2005
El Salvador,SLV,9.5,0.6,OC,2002,2004
El Salvador,SLV,9,0.5,OC,2001,2003
El Salvador,SLV,9.5,0.6,OC,2000,2002
El Salvador,SLV,11.2,0.7,OC,1999,2001
Ethiopia,ETH,28.8,28.6,NA,2014,2016
Ethiopia,ETH,28.5,27.6,NA,2013,2015
Ethiopia,ETH,29.4,27.8,NA,2012,2014
Ethiopia,ETH,30.2,27.9,NA,2011,2013
Ethiopia,ETH,31,27.8,NA,2010,2012
Ethiopia,ETH,32.1,28.1,NA,2009,2011
Ethiopia,ETH,33.7,28.8,NA,2008,2010
Ethiopia,ETH,35.6,29.6,NA,2007,2009
Ethiopia,ETH,37.2,30.1,NA,2006,2008
Ethiopia,ETH,38.5,30.3,NA,2005,2007
Ethiopia,ETH,39.7,30.4,NA,2004,2006
Ethiopia,ETH,42,31.3,NA,2003,2005
Ethiopia,ETH,44.2,32,NA,2002,2004
Ethiopia,ETH,46.7,32.9,NA,2001,2003
Ethiopia,ETH,49,33.5,NA,2000,2002
Ethiopia,ETH,51.9,34.5,NA,1999,2001
Gabon,GAB,7,0.1,NA,2014,2016
Gabon,GAB,7,0.1,NA,2013,2015
Gabon,GAB,7.3,0.1,NA,2012,2014
Gabon,GAB,7.9,0.1,NA,2011,2013
Gabon,GAB,8.6,0.1,NA,2010,2012
Gabon,GAB,9.4,0.1,NA,2009,2011
Gabon,GAB,9.9,0.1,NA,2008,2010
Gabon,GAB,10.2,0.2,NA,2007,2009
Gabon,GAB,10,0.1,NA,2006,2008
Gabon,GAB,9.8,0.1,NA,2005,2007
Gabon,GAB,9.7,0.1,NA,2004,2006
Gabon,GAB,10.1,0.1,NA,2003,2005
Gabon,GAB,10.2,0.1,NA,2002,2004
Gabon,GAB,10.2,0.1,NA,2001,2003
Gabon,GAB,9.7,0.1,NA,2000,2002
Gabon,GAB,9.4,0.1,NA,1999,2001
Gambia,GMB,10.9,0.2,NA,2014,2016
Gambia,GMB,10.5,0.2,NA,2013,2015
Gambia,GMB,9.9,0.2,NA,2012,2014
Gambia,GMB,9.3,0.2,NA,2011,2013
Gambia,GMB,9,0.2,NA,2010,2012
Gambia,GMB,9.2,0.2,NA,2009,2011
Gambia,GMB,9.9,0.2,NA,2008,2010
Gambia,GMB,11.3,0.2,NA,2007,2009
Gambia,GMB,12.9,0.2,NA,2006,2008
Gambia,GMB,14.5,0.2,NA,2005,2007
Gambia,GMB,15.1,0.2,NA,2004,2006
Gambia,GMB,15.1,0.2,NA,2003,2005
Gambia,GMB,14.6,0.2,NA,2002,2004
Gambia,GMB,13.9,0.2,NA,2001,2003
Gambia,GMB,13,0.2,NA,2000,2002
Gambia,GMB,13.1,0.2,NA,1999,2001
Georgia,GEO,7,0.3,NA,2014,2016
Georgia,GEO,6.7,0.3,NA,2013,2015
Georgia,GEO,7.5,0.3,NA,2012,2014
Georgia,GEO,8.2,0.3,NA,2011,2013
Georgia,GEO,8.4,0.4,NA,2010,2012
Georgia,GEO,8,0.3,NA,2009,2011
Georgia,GEO,7.2,0.3,NA,2008,2010
Georgia,GEO,6.9,0.3,NA,2007,2009
Georgia,GEO,7,0.3,NA,2006,2008
Georgia,GEO,7.2,0.3,NA,2005,2007
Georgia,GEO,7.4,0.3,NA,2004,2006
Georgia,GEO,8.1,0.4,NA,2003,2005
Georgia,GEO,9.4,0.4,NA,2002,2004
Georgia,GEO,11.6,0.5,NA,2001,2003
Georgia,GEO,13.8,0.6,NA,2000,2002
Georgia,GEO,13.7,0.6,NA,1999,2001
Ghana,GHA,7.6,2.1,NA,2014,2016
Ghana,GHA,6.8,1.8,NA,2013,2015
Ghana,GHA,6.5,1.7,NA,2012,2014
Ghana,GHA,6.1,1.5,NA,2011,2013
Ghana,GHA,5.6,1.4,NA,2010,2012
Ghana,GHA,5.4,1.3,NA,2009,2011
Ghana,GHA,5.7,1.3,NA,2008,2010
Ghana,GHA,6.4,1.5,NA,2007,2009
Ghana,GHA,7.4,1.7,NA,2006,2008
Ghana,GHA,8.4,1.8,NA,2005,2007
Ghana,GHA,9.3,2,NA,2004,2006
Ghana,GHA,10.2,2.1,NA,2003,2005
Ghana,GHA,11.2,2.3,NA,2002,2004
Ghana,GHA,12.3,2.4,NA,2001,2003
Ghana,GHA,13.9,2.7,NA,2000,2002
Ghana,GHA,15.9,3,NA,1999,2001
Guatemala,GTM,15.6,2.5,NA,2014,2016
Guatemala,GTM,16.2,2.6,NA,2013,2015
Guatemala,GTM,16.4,2.6,NA,2012,2014
Guatemala,GTM,16.2,2.5,NA,2011,2013
Guatemala,GTM,15.6,2.4,NA,2010,2012
Guatemala,GTM,15.6,2.3,NA,2009,2011
Guatemala,GTM,15.6,2.3,NA,2008,2010
Guatemala,GTM,15.9,2.2,NA,2007,2009
Guatemala,GTM,15.8,2.2,NA,2006,2008
Guatemala,GTM,15.9,2.2,NA,2005,2007
Guatemala,GTM,16,2.1,NA,2004,2006
Guatemala,GTM,16.1,2.1,NA,2003,2005
Guatemala,GTM,16.1,2,NA,2002,2004
Guatemala,GTM,16.7,2,NA,2001,2003
Guatemala,GTM,18.4,2.2,NA,2000,2002
Guatemala,GTM,20.7,2.4,NA,1999,2001
Guinea,GIN,17.5,2.2,AF,2014,2016
Guinea,GIN,16.7,2,AF,2013,2015
Guinea,GIN,16.8,2,AF,2012,2014
Guinea,GIN,17.1,2,AF,2011,2013
Guinea,GIN,17.4,2,AF,2010,2012
Guinea,GIN,17.7,2,AF,2009,2011
Guinea,GIN,18.1,1.9,AF,2008,2010
Guinea,GIN,18.6,1.9,AF,2007,2009
Guinea,GIN,19.3,2,AF,2006,2008
Guinea,GIN,20.2,2,AF,2005,2007
Guinea,GIN,21.4,2.1,AF,2004,2006
Guinea,GIN,22.5,2.1,AF,2003,2005
Guinea,GIN,23.8,2.2,AF,2002,2004
Guinea,GIN,24.7,2.3,AF,2001,2003
Guinea,GIN,25.5,2.3,AF,2000,2002
Guinea,GIN,26.3,2.3,AF,1999,2001
Guinea-Bissau,GNB,28.3,0.5,NA,2014,2016
Guinea-Bissau,GNB,26.8,0.5,NA,2013,2015
Guinea-Bissau,GNB,25,0.4,NA,2012,2014
Guinea-Bissau,GNB,23.4,0.4,NA,2011,2013
Guinea-Bissau,GNB,22.7,0.4,NA,2010,2012
Guinea-Bissau,GNB,22.8,0.4,NA,2009,2011
Guinea-Bissau,GNB,23.3,0.4,NA,2008,2010
Guinea-Bissau,GNB,23.8,0.4,NA,2007,2009
Guinea-Bissau,GNB,24.2,0.4,NA,2006,2008
Guinea-Bissau,GNB,24.6,0.4,NA,2005,2007
Guinea-Bissau,GNB,24.9,0.4,NA,2004,2006
Guinea-Bissau,GNB,25.1,0.4,NA,2003,2005
Guinea-Bissau,GNB,25.1,0.4,NA,2002,2004
Guinea-Bissau,GNB,24.7,0.3,NA,2001,2003
Guinea-Bissau,GNB,25,0.3,NA,2000,2002
Guinea-Bissau,GNB,26.4,0.3,NA,1999,2001
Haiti,HTI,46.8,5,NA,2014,2016
Haiti,HTI,48.2,5.1,NA,2013,2015
Haiti,HTI,49.4,5.2,NA,2012,2014
Haiti,HTI,49.6,5.1,NA,2011,2013
Haiti,HTI,49.6,5,NA,2010,2012
Haiti,HTI,49.5,5,NA,2009,2011
Haiti,HTI,50.8,5,NA,2008,2010
Haiti,HTI,52.5,5.1,NA,2007,2009
Haiti,HTI,54.5,5.2,NA,2006,2008
Haiti,HTI,55.9,5.3,NA,2005,2007
Haiti,HTI,57.1,5.3,NA,2004,2006
Haiti,HTI,57.6,5.3,NA,2003,2005
Haiti,HTI,57.6,5.2,NA,2002,2004
Haiti,HTI,56.9,5,NA,2001,2003
Haiti,HTI,56,4.9,NA,2000,2002
Haiti,HTI,54.9,4.7,NA,1999,2001
Honduras,HND,14.8,1.2,NA,2014,2016
Honduras,HND,15.8,1.3,NA,2013,2015
Honduras,HND,15.7,1.2,NA,2012,2014
Honduras,HND,15.6,1.2,NA,2011,2013
Honduras,HND,15.5,1.2,NA,2010,2012
Honduras,HND,15.5,1.2,NA,2009,2011
Honduras,HND,15.5,1.1,NA,2008,2010
Honduras,HND,15.6,1.1,NA,2007,2009
Honduras,HND,16,1.1,NA,2006,2008
Honduras,HND,16.6,1.2,NA,2005,2007
Honduras,HND,17.2,1.2,NA,2004,2006
Honduras,HND,17.5,1.2,NA,2003,2005
Honduras,HND,17.6,1.2,NA,2002,2004
Honduras,HND,17.9,1.2,NA,2001,2003
Honduras,HND,18.6,1.2,NA,2000,2002
Honduras,HND,19.6,1.2,NA,1999,2001
India,IND,14.5,190.7,NA,2014,2016
India,IND,14.9,192.8,NA,2013,2015
India,IND,15.2,195.1,NA,2012,2014
India,IND,15.4,195.1,NA,2011,2013
India,IND,15.5,193.6,NA,2010,2012
India,IND,15.6,191.9,NA,2009,2011
India,IND,15.8,191.8,NA,2008,2010
India,IND,16.3,195,NA,2007,2009
India,IND,17.4,205.4,NA,2006,2008
India,IND,19,221.2,NA,2005,2007
India,IND,20.5,234.9,NA,2004,2006
India,IND,21.2,239,NA,2003,2005
India,IND,20.8,230.9,NA,2002,2004
India,IND,19.8,215.6,NA,2001,2003
India,IND,18.3,196.3,NA,2000,2002
India,IND,17.2,180.9,NA,1999,2001
Indonesia,IDN,7.9,20.3,NA,2014,2016
Indonesia,IDN,7,17.7,NA,2013,2015
Indonesia,IDN,7.6,19.1,NA,2012,2014
Indonesia,IDN,8.6,21.3,NA,2011,2013
Indonesia,IDN,10.1,24.8,NA,2010,2012
Indonesia,IDN,12.5,30.2,NA,2009,2011
Indonesia,IDN,14.9,35.5,NA,2008,2010
Indonesia,IDN,17,39.9,NA,2007,2009
Indonesia,IDN,17.9,41.6,NA,2006,2008
Indonesia,IDN,18.4,42.3,NA,2005,2007
Indonesia,IDN,18.6,42.1,NA,2004,2006
Indonesia,IDN,18.5,41.3,NA,2003,2005
Indonesia,IDN,18.4,40.6,NA,2002,2004
Indonesia,IDN,18.4,40.1,NA,2001,2003
Indonesia,IDN,18.3,39.2,NA,2000,2002
Indonesia,IDN,17.8,37.6,NA,1999,2001
Iran,IRN,5.5,4.3,AS,2014,2016
Iran,IRN,5.4,4.2,AS,2013,2015
Iran,IRN,5.5,4.2,AS,2012,2014
Iran,IRN,5.6,4.3,AS,2011,2013
Iran,IRN,5.7,4.3,AS,2010,2012
Iran,IRN,5.8,4.3,AS,2009,2011
Iran,IRN,6.1,4.4,AS,2008,2010
Iran,IRN,6.4,4.6,AS,2007,2009
Iran,IRN,6.5,4.7,AS,2006,2008
Iran,IRN,6.4,4.6,AS,2005,2007
Iran,IRN,6.1,4.3,AS,2004,2006
Iran,IRN,5.9,4.1,AS,2003,2005
Iran,IRN,5.8,4,AS,2002,2004
Iran,IRN,5.7,3.8,AS,2001,2003
Iran,IRN,5.3,3.6,AS,2000,2002
Iran,IRN,4.9,3.2,AS,1999,2001
Iraq,IRQ,27.8,10.1,AS,2014,2016
Iraq,IRQ,26.7,9.4,AS,2013,2015
Iraq,IRQ,26,8.9,AS,2012,2014
Iraq,IRQ,25.9,8.5,AS,2011,2013
Iraq,IRQ,26.3,8.4,AS,2010,2012
Iraq,IRQ,27.2,8.4,AS,2009,2011
Iraq,IRQ,28.4,8.5,AS,2008,2010
Iraq,IRQ,29.6,8.6,AS,2007,2009
Iraq,IRQ,30,8.5,AS,2006,2008
Iraq,IRQ,29.3,8.1,AS,2005,2007
Iraq,IRQ,28.2,7.6,AS,2004,2006
Iraq,IRQ,27.4,7.2,AS,2003,2005
Iraq,IRQ,27.1,6.9,AS,2002,2004
Iraq,IRQ,26.6,6.6,AS,2001,2003
Iraq,IRQ,26.9,6.5,AS,2000,2002
Iraq,IRQ,28.3,6.7,AS,1999,2001
Jamaica,JAM,8.4,0.2,AS,2014,2016
Jamaica,JAM,9.2,0.3,AS,2013,2015
Jamaica,JAM,9.5,0.3,AS,2012,2014
Jamaica,JAM,9.2,0.3,AS,2011,2013
Jamaica,JAM,9,0.2,AS,2010,2012
Jamaica,JAM,8.8,0.2,AS,2009,2011
Jamaica,JAM,8.5,0.2,AS,2008,2010
Jamaica,JAM,8.2,0.2,AS,2007,2009
Jamaica,JAM,7.7,0.2,AS,2006,2008
Jamaica,JAM,7.3,0.2,AS,2005,2007
Jamaica,JAM,6.9,0.2,AS,2004,2006
Jamaica,JAM,6.7,0.2,AS,2003,2005
Jamaica,JAM,6.5,0.2,AS,2002,2004
Jamaica,JAM,6.5,0.2,AS,2001,2003
Jamaica,JAM,6.7,0.2,AS,2000,2002
Jamaica,JAM,7.3,0.2,AS,1999,2001
Japan,JPN,2.5,3.2,AS,2009,2011
Japan,JPN,2.4,3.1,AS,2008,2010
Jordan,JOR,4.2,0.3,AS,2014,2016
Jordan,JOR,4.2,0.3,AS,2013,2015
Jordan,JOR,3.9,0.3,AS,2012,2014
Jordan,JOR,3.7,0.3,AS,2011,2013
Jordan,JOR,3.6,0.2,AS,2010,2012
Jordan,JOR,3.7,0.2,AS,2009,2011
Jordan,JOR,3.7,0.2,AS,2008,2010
Jordan,JOR,3.7,0.2,AS,2007,2009
Jordan,JOR,3.6,0.2,AS,2006,2008
Jordan,JOR,3.4,0.2,AS,2005,2007
Jordan,JOR,3.4,0.2,AS,2004,2006
Jordan,JOR,3.6,0.2,AS,2003,2005
Jordan,JOR,4.2,0.2,AS,2002,2004
Jordan,JOR,5.2,0.3,AS,2001,2003
Jordan,JOR,6.7,0.3,AS,2000,2002
Jordan,JOR,8.1,0.4,AS,1999,2001
Kazakhstan,KAZ,2.7,0.4,AS,2010,2012
Kazakhstan,KAZ,3.1,0.5,AS,2009,2011
Kazakhstan,KAZ,3.4,0.5,AS,2008,2010
Kazakhstan,KAZ,3.8,0.6,AS,2007,2009
Kazakhstan,KAZ,4.3,0.7,AS,2006,2008
Kazakhstan,KAZ,5.2,0.8,AS,2005,2007
Kazakhstan,KAZ,5.8,0.9,AS,2004,2006
Kazakhstan,KAZ,6.1,0.9,AS,2003,2005
Kazakhstan,KAZ,5.9,0.9,AS,2002,2004
Kazakhstan,KAZ,5.7,0.9,AS,2001,2003
Kazakhstan,KAZ,5.7,0.9,AS,2000,2002
Kazakhstan,KAZ,5.9,0.9,AS,1999,2001
Kenya,KEN,19.1,8.8,AS,2014,2016
Kenya,KEN,19.4,8.7,AS,2013,2015
Kenya,KEN,20.5,9,AS,2012,2014
Kenya,KEN,21.6,9.2,AS,2011,2013
Kenya,KEN,22.6,9.4,AS,2010,2012
Kenya,KEN,23.7,9.5,AS,2009,2011
Kenya,KEN,24.7,9.7,AS,2008,2010
Kenya,KEN,25.6,9.8,AS,2007,2009
Kenya,KEN,25.9,9.6,AS,2006,2008
Kenya,KEN,26.8,9.7,AS,2005,2007
Kenya,KEN,28.7,10.2,AS,2004,2006
Kenya,KEN,31.9,11,AS,2003,2005
Kenya,KEN,33.8,11.3,AS,2002,2004
Kenya,KEN,34.1,11.2,AS,2001,2003
Kenya,KEN,32.8,10.5,AS,2000,2002
Kenya,KEN,32.2,10,AS,1999,2001
Kyrgyzstan,KGZ,6.4,0.4,AS,2014,2016
Kyrgyzstan,KGZ,6.7,0.4,AS,2013,2015
Kyrgyzstan,KGZ,6.9,0.4,AS,2012,2014
Kyrgyzstan,KGZ,7.3,0.4,AS,2011,2013
Kyrgyzstan,KGZ,7.7,0.4,AS,2010,2012
Kyrgyzstan,KGZ,8.2,0.5,AS,2009,2011
Kyrgyzstan,KGZ,9,0.5,AS,2008,2010
Kyrgyzstan,KGZ,9.8,0.5,AS,2007,2009
Kyrgyzstan,KGZ,10.2,0.5,AS,2006,2008
Kyrgyzstan,KGZ,10,0.5,AS,2005,2007
Kyrgyzstan,KGZ,9.7,0.5,AS,2004,2006
Kyrgyzstan,KGZ,10.2,0.5,AS,2003,2005
Kyrgyzstan,KGZ,11.9,0.6,AS,2002,2004
Kyrgyzstan,KGZ,14.3,0.7,AS,2001,2003
Kyrgyzstan,KGZ,15.8,0.8,AS,2000,2002
Kyrgyzstan,KGZ,16.3,0.8,AS,1999,2001
Laos,LAO,17.1,1.2,AS,2014,2016
Laos,LAO,17,1.1,AS,2013,2015
Laos,LAO,17.4,1.1,AS,2012,2014
Laos,LAO,18.3,1.2,AS,2011,2013
Laos,LAO,19.2,1.2,AS,2010,2012
Laos,LAO,20.7,1.3,AS,2009,2011
Laos,LAO,22,1.4,AS,2008,2010
Laos,LAO,23.6,1.4,AS,2007,2009
Laos,LAO,24.5,1.5,AS,2006,2008
Laos,LAO,25.7,1.5,AS,2005,2007
Laos,LAO,26.8,1.5,AS,2004,2006
Laos,LAO,28.9,1.6,AS,2003,2005
Laos,LAO,31.3,1.7,AS,2002,2004
Laos,LAO,33.8,1.9,AS,2001,2003
Laos,LAO,35.9,1.9,AS,2000,2002
Laos,LAO,37.6,2,AS,1999,2001
Latvia,LVA,4.5,0.1,AS,2000,2002
Latvia,LVA,5.2,0.1,AS,1999,2001
Lebanon,LBN,5.4,0.3,AS,2014,2016
Lebanon,LBN,5.3,0.3,AS,2013,2015
Lebanon,LBN,5.1,0.3,AS,2012,2014
Lebanon,LBN,4.8,0.2,AS,2011,2013
Lebanon,LBN,4.5,0.2,AS,2010,2012
Lebanon,LBN,4.2,0.2,AS,2009,2011
Lebanon,LBN,4,0.2,AS,2008,2010
Lebanon,LBN,3.9,0.2,AS,2007,2009
Lebanon,LBN,3.8,0.2,AS,2006,2008
Lebanon,LBN,3.7,0.1,AS,2005,2007
Lebanon,LBN,3.5,0.1,AS,2004,2006
Lebanon,LBN,3.2,0.1,AS,2003,2005
Lebanon,LBN,2.8,0.1,AS,2002,2004
Lesotho,LSO,14.5,0.3,AS,2014,2016
Lesotho,LSO,14.4,0.3,AS,2013,2015
Lesotho,LSO,14.1,0.3,AS,2012,2014
Lesotho,LSO,13.6,0.3,AS,2011,2013
Lesotho,LSO,13.2,0.3,AS,2010,2012
Lesotho,LSO,12.8,0.3,AS,2009,2011
Lesotho,LSO,12.6,0.3,AS,2008,2010
Lesotho,LSO,12.3,0.2,AS,2007,2009
Lesotho,LSO,12,0.2,AS,2006,2008
Lesotho,LSO,11.7,0.2,AS,2005,2007
Lesotho,LSO,11.7,0.2,AS,2004,2006
Lesotho,LSO,12,0.2,AS,2003,2005
Lesotho,LSO,12.3,0.2,AS,2002,2004
Lesotho,LSO,12.6,0.2,AS,2001,2003
Lesotho,LSO,13,0.2,AS,2000,2002
Lesotho,LSO,13.7,0.3,AS,1999,2001
Liberia,LBR,42.8,1.9,AS,2014,2016
Liberia,LBR,41.2,1.8,AS,2013,2015
Liberia,LBR,39.2,1.7,AS,2012,2014
Liberia,LBR,37.7,1.6,AS,2011,2013
Liberia,LBR,36.7,1.5,AS,2010,2012
Liberia,LBR,36.5,1.4,AS,2009,2011
Liberia,LBR,36.5,1.4,AS,2008,2010
Liberia,LBR,37.3,1.4,AS,2007,2009
Liberia,LBR,38.2,1.3,AS,2006,2008
Liberia,LBR,39,1.3,AS,2005,2007
Liberia,LBR,39.4,1.3,AS,2004,2006
Liberia,LBR,40,1.3,AS,2003,2005
Liberia,LBR,40.7,1.3,AS,2002,2004
Liberia,LBR,40.6,1.2,AS,2001,2003
Liberia,LBR,39.8,1.2,AS,2000,2002
Liberia,LBR,38.4,1.1,AS,1999,2001
Lithuania,LTU,3,0.1,AS,2002,2004
Lithuania,LTU,3.1,0.1,AS,2001,2003
Lithuania,LTU,3.1,0.1,AS,2000,2002
Lithuania,LTU,2.9,0.1,AS,1999,2001
Madagascar,MDG,42.3,10.3,AS,2014,2016
Madagascar,MDG,39,9.2,AS,2013,2015
Madagascar,MDG,35.5,8.1,AS,2012,2014
Madagascar,MDG,33.3,7.4,AS,2011,2013
Madagascar,MDG,31.9,6.9,AS,2010,2012
Madagascar,MDG,31.9,6.7,AS,2009,2011
Madagascar,MDG,32,6.6,AS,2008,2010
Madagascar,MDG,32.3,6.4,AS,2007,2009
Madagascar,MDG,32.5,6.3,AS,2006,2008
Madagascar,MDG,33.5,6.3,AS,2005,2007
Madagascar,MDG,35.1,6.4,AS,2004,2006
Madagascar,MDG,36.9,6.6,AS,2003,2005
Madagascar,MDG,37.5,6.5,AS,2002,2004
Madagascar,MDG,36.9,6.2,AS,2001,2003
Madagascar,MDG,35.3,5.7,AS,2000,2002
Madagascar,MDG,34.2,5.4,AS,1999,2001
Malawi,MWI,25.9,4.5,AS,2014,2016
Malawi,MWI,23.5,3.9,AS,2013,2015
Malawi,MWI,21.7,3.5,AS,2012,2014
Malawi,MWI,21.1,3.3,AS,2011,2013
Malawi,MWI,21.3,3.2,AS,2010,2012
Malawi,MWI,21.7,3.2,AS,2009,2011
Malawi,MWI,22,3.2,AS,2008,2010
Malawi,MWI,22.4,3.1,AS,2007,2009
Malawi,MWI,23.2,3.1,AS,2006,2008
Malawi,MWI,24.6,3.2,AS,2005,2007
Malawi,MWI,26.2,3.3,AS,2004,2006
Malawi,MWI,27.3,3.4,AS,2003,2005
Malawi,MWI,27.5,3.3,AS,2002,2004
Malawi,MWI,27,3.2,AS,2001,2003
Malawi,MWI,26.5,3,AS,2000,2002
Malawi,MWI,27.1,3,AS,1999,2001
Malaysia,MYS,2.6,0.8,AS,2013,2015
Malaysia,MYS,3,0.9,AS,2012,2014
Malaysia,MYS,3.3,1,AS,2011,2013
Malaysia,MYS,3.5,1,AS,2010,2012
Malaysia,MYS,3.7,1.1,AS,2009,2011
Malaysia,MYS,4,1.1,AS,2008,2010
Malaysia,MYS,4.2,1.1,AS,2007,2009
Malaysia,MYS,4.2,1.1,AS,2006,2008
Malaysia,MYS,4.1,1.1,AS,2005,2007
Malaysia,MYS,3.9,1,AS,2004,2006
Malaysia,MYS,3.8,1,AS,2003,2005
Malaysia,MYS,3.7,0.9,AS,2002,2004
Malaysia,MYS,3.5,0.9,AS,2001,2003
Malaysia,MYS,3.2,0.8,AS,2000,2002
Malaysia,MYS,2.8,0.7,AS,1999,2001
Mali,MLI,4,0.7,AS,2014,2016
Mali,MLI,4.9,0.8,AS,2013,2015
Mali,MLI,5.8,1,AS,2012,2014
Mali,MLI,6.5,1,AS,2011,2013
Mali,MLI,6.8,1.1,AS,2010,2012
Mali,MLI,7.1,1.1,AS,2009,2011
Mali,MLI,7.3,1.1,AS,2008,2010
Mali,MLI,7.9,1.1,AS,2007,2009
Mali,MLI,8.8,1.2,AS,2006,2008
Mali,MLI,10,1.3,AS,2005,2007
Mali,MLI,11.2,1.4,AS,2004,2006
Mali,MLI,12.3,1.5,AS,2003,2005
Mali,MLI,13,1.6,AS,2002,2004
Mali,MLI,13.6,1.6,AS,2001,2003
Mali,MLI,14,1.6,AS,2000,2002
Mali,MLI,14.6,1.6,AS,1999,2001
Mauritania,MRT,5.3,0.2,AS,2014,2016
Mauritania,MRT,5.7,0.2,AS,2013,2015
Mauritania,MRT,6.3,0.2,AS,2012,2014
Mauritania,MRT,7.2,0.3,AS,2011,2013
Mauritania,MRT,7.8,0.3,AS,2010,2012
Mauritania,MRT,8.3,0.3,AS,2009,2011
Mauritania,MRT,8.8,0.3,AS,2008,2010
Mauritania,MRT,9.4,0.3,AS,2007,2009
Mauritania,MRT,10.3,0.3,AS,2006,2008
Mauritania,MRT,11.6,0.4,AS,2005,2007
Mauritania,MRT,12.2,0.4,AS,2004,2006
Mauritania,MRT,12.2,0.4,AS,2003,2005
Mauritania,MRT,11.6,0.3,AS,2002,2004
Mauritania,MRT,11.5,0.3,AS,2001,2003
Mauritania,MRT,11.5,0.3,AS,2000,2002
Mauritania,MRT,11.7,0.3,AS,1999,2001
Mexico,MEX,4.2,5.4,AS,2014,2016
Mexico,MEX,4.4,5.5,AS,2013,2015
Mexico,MEX,4.5,5.5,AS,2012,2014
Mexico,MEX,4.5,5.5,AS,2011,2013
Mexico,MEX,4.6,5.5,AS,2010,2012
Mexico,MEX,4.6,5.4,AS,2009,2011
Mexico,MEX,4.6,5.4,AS,2008,2010
Mexico,MEX,4.6,5.3,AS,2007,2009
Mexico,MEX,4.7,5.3,AS,2006,2008
Mexico,MEX,5,5.5,AS,2005,2007
Mexico,MEX,5.5,6.1,AS,2004,2006
Mexico,MEX,5.7,6.2,AS,2003,2005
Mexico,MEX,5.5,5.8,AS,2002,2004
Mexico,MEX,4.8,5.1,AS,2001,2003
Mexico,MEX,4.4,4.6,AS,2000,2002
Mexico,MEX,4.4,4.6,AS,1999,2001
Mongolia,MNG,19.6,0.6,AS,2014,2016
Mongolia,MNG,18.3,0.5,AS,2013,2015
Mongolia,MNG,18.3,0.5,AS,2012,2014
Mongolia,MNG,18.8,0.5,AS,2011,2013
Mongolia,MNG,19.6,0.5,AS,2010,2012
Mongolia,MNG,20.8,0.6,AS,2009,2011
Mongolia,MNG,22.1,0.6,AS,2008,2010
Mongolia,MNG,24.2,0.6,AS,2007,2009
Mongolia,MNG,26.5,0.7,AS,2006,2008
Mongolia,MNG,29.1,0.7,AS,2005,2007
Mongolia,MNG,31,0.8,AS,2004,2006
Mongolia,MNG,32.2,0.8,AS,2003,2005
Mongolia,MNG,32.5,0.8,AS,2002,2004
Mongolia,MNG,32.7,0.8,AS,2001,2003
Mongolia,MNG,33.4,0.8,AS,2000,2002
Mongolia,MNG,35.1,0.8,AS,1999,2001
Morocco,MAR,3.5,1.2,AS,2014,2016
Morocco,MAR,4.1,1.4,AS,2013,2015
Morocco,MAR,4.3,1.4,AS,2012,2014
Morocco,MAR,4.6,1.5,AS,2011,2013
Morocco,MAR,5,1.6,AS,2010,2012
Morocco,MAR,5.3,1.7,AS,2009,2011
Morocco,MAR,5.4,1.7,AS,2008,2010
Morocco,MAR,5.5,1.7,AS,2007,2009
Morocco,MAR,5.6,1.7,AS,2006,2008
Morocco,MAR,5.7,1.7,AS,2005,2007
Morocco,MAR,5.8,1.8,AS,2004,2006
Morocco,MAR,5.8,1.8,AS,2003,2005
Morocco,MAR,6.1,1.8,AS,2002,2004
Morocco,MAR,6.4,1.9,AS,2001,2003
Morocco,MAR,6.7,2,AS,2000,2002
Morocco,MAR,6.8,2,AS,1999,2001
Mozambique,MOZ,26.6,7.4,AS,2014,2016
Mozambique,MOZ,26.8,7.3,AS,2013,2015
Mozambique,MOZ,27.3,7.2,AS,2012,2014
Mozambique,MOZ,27.8,7.1,AS,2011,2013
Mozambique,MOZ,28.8,7.2,AS,2010,2012
Mozambique,MOZ,30,7.3,AS,2009,2011
Mozambique,MOZ,31.8,7.5,AS,2008,2010
Mozambique,MOZ,33.3,7.7,AS,2007,2009
Mozambique,MOZ,35,7.8,AS,2006,2008
Mozambique,MOZ,35.9,7.8,AS,2005,2007
Mozambique,MOZ,37,7.8,AS,2004,2006
Mozambique,MOZ,37.5,7.7,AS,2003,2005
Mozambique,MOZ,38.2,7.6,AS,2002,2004
Mozambique,MOZ,39.2,7.6,AS,2001,2003
Mozambique,MOZ,40.1,7.5,AS,2000,2002
Mozambique,MOZ,40.3,7.4,AS,1999,2001
Myanmar,MMR,16.9,9.1,AS,2014,2016
Myanmar,MMR,14.4,7.7,AS,2013,2015
Myanmar,MMR,14.4,7.6,AS,2012,2014
Myanmar,MMR,14.7,7.7,AS,2011,2013
Myanmar,MMR,15.5,8.1,AS,2010,2012
Myanmar,MMR,16.9,8.8,AS,2009,2011
Myanmar,MMR,19.1,9.8,AS,2008,2010
Myanmar,MMR,21.7,11.1,AS,2007,2009
Myanmar,MMR,25,12.7,AS,2006,2008
Myanmar,MMR,28.5,14.4,AS,2005,2007
Myanmar,MMR,32.1,16.1,AS,2004,2006
Myanmar,MMR,35.3,17.5,AS,2003,2005
Myanmar,MMR,38.3,18.8,AS,2002,2004
Myanmar,MMR,41.4,20.2,AS,2001,2003
Myanmar,MMR,45,21.7,AS,2000,2002
Myanmar,MMR,48.4,23.1,AS,1999,2001
Namibia,NAM,28.8,0.7,AS,2014,2016
Namibia,NAM,29.7,0.7,AS,2013,2015
Namibia,NAM,31.4,0.7,AS,2012,2014
Namibia,NAM,33.9,0.8,AS,2011,2013
Namibia,NAM,36.3,0.8,AS,2010,2012
Namibia,NAM,37.6,0.8,AS,2009,2011
Namibia,NAM,36.5,0.8,AS,2008,2010
Namibia,NAM,33.5,0.7,AS,2007,2009
Namibia,NAM,29.7,0.6,AS,2006,2008
Namibia,NAM,26.8,0.6,AS,2005,2007
Namibia,NAM,25.2,0.5,AS,2004,2006
Namibia,NAM,24.6,0.5,AS,2003,2005
Namibia,NAM,24.4,0.5,AS,2002,2004
Namibia,NAM,24.4,0.5,AS,2001,2003
Namibia,NAM,24.5,0.5,AS,2000,2002
Namibia,NAM,26.3,0.5,AS,1999,2001
Nepal,NPL,8.1,2.3,AS,2014,2016
Nepal,NPL,8.2,2.3,AS,2013,2015
Nepal,NPL,8.5,2.4,AS,2012,2014
Nepal,NPL,8.8,2.4,AS,2011,2013
Nepal,NPL,9.3,2.5,AS,2010,2012
Nepal,NPL,10.1,2.7,AS,2009,2011
Nepal,NPL,11.1,3,AS,2008,2010
Nepal,NPL,12.6,3.3,AS,2007,2009
Nepal,NPL,13.9,3.6,AS,2006,2008
Nepal,NPL,15.1,3.9,AS,2005,2007
Nepal,NPL,15.9,4.1,AS,2004,2006
Nepal,NPL,17.1,4.3,AS,2003,2005
Nepal,NPL,18.6,4.6,AS,2002,2004
Nepal,NPL,20.3,5,AS,2001,2003
Nepal,NPL,21.3,5.2,AS,2000,2002
Nepal,NPL,22,5.2,AS,1999,2001
Nicaragua,NIC,17,1,AS,2014,2016
Nicaragua,NIC,17.1,1,AS,2013,2015
Nicaragua,NIC,17.9,1.1,AS,2012,2014
Nicaragua,NIC,19,1.1,AS,2011,2013
Nicaragua,NIC,20,1.2,AS,2010,2012
Nicaragua,NIC,20.9,1.2,AS,2009,2011
Nicaragua,NIC,21.6,1.2,AS,2008,2010
Nicaragua,NIC,22.1,1.2,AS,2007,2009
Nicaragua,NIC,22.6,1.2,AS,2006,2008
Nicaragua,NIC,23.4,1.3,AS,2005,2007
Nicaragua,NIC,24.4,1.3,AS,2004,2006
Nicaragua,NIC,25.4,1.4,AS,2003,2005
Nicaragua,NIC,26.2,1.4,AS,2002,2004
Nicaragua,NIC,27.4,1.4,AS,2001,2003
Nicaragua,NIC,29.3,1.5,AS,2000,2002
Nicaragua,NIC,32.6,1.6,AS,1999,2001
Niger,NER,11.3,2.2,AS,2014,2016
Niger,NER,10,1.9,AS,2013,2015
Niger,NER,10.3,1.9,AS,2012,2014
Niger,NER,10.6,1.9,AS,2011,2013
Niger,NER,10.9,1.9,AS,2010,2012
Niger,NER,11.3,1.8,AS,2009,2011
Niger,NER,11.8,1.9,AS,2008,2010
Niger,NER,12.5,1.9,AS,2007,2009
Niger,NER,13.6,2,AS,2006,2008
Niger,NER,14.5,2,AS,2005,2007
Niger,NER,15.2,2.1,AS,2004,2006
Niger,NER,16,2.1,AS,2003,2005
Niger,NER,17.2,2.2,AS,2002,2004
Niger,NER,18.6,2.2,AS,2001,2003
Niger,NER,19.9,2.3,AS,2000,2002
Niger,NER,21.8,2.4,AS,1999,2001
Nigeria,NGA,7.9,14.3,AS,2014,2016
Nigeria,NGA,7.3,13,AS,2013,2015
Nigeria,NGA,6.7,11.6,AS,2012,2014
Nigeria,NGA,6.5,11,AS,2011,2013
Nigeria,NGA,6.4,10.5,AS,2010,2012
Nigeria,NGA,6.3,10.1,AS,2009,2011
Nigeria,NGA,6.2,9.6,AS,2008,2010
Nigeria,NGA,6.1,9.2,AS,2007,2009
Nigeria,NGA,6,8.9,AS,2006,2008
Nigeria,NGA,6.1,8.8,AS,2005,2007
Nigeria,NGA,6.6,9.2,AS,2004,2006
Nigeria,NGA,7.5,10.2,AS,2003,2005
Nigeria,NGA,8.4,11.1,AS,2002,2004
Nigeria,NGA,9,11.7,AS,2001,2003
Nigeria,NGA,9.1,11.5,AS,2000,2002
Nigeria,NGA,9.4,11.5,AS,1999,2001
Oman,OMN,6.2,0.3,AS,2014,2016
Oman,OMN,5.7,0.2,AS,2013,2015
Oman,OMN,5.3,0.2,AS,2012,2014
Oman,OMN,5.2,0.2,AS,2011,2013
Oman,OMN,5.2,0.2,AS,2010,2012
Oman,OMN,5.4,0.2,AS,2009,2011
Oman,OMN,5.8,0.2,AS,2008,2010
Oman,OMN,6.7,0.2,AS,2007,2009
Oman,OMN,7.9,0.2,AS,2006,2008
Oman,OMN,9,0.2,AS,2005,2007
Oman,OMN,10,0.3,AS,2004,2006
Oman,OMN,10.9,0.3,AS,2003,2005
Oman,OMN,11.3,0.3,AS,2002,2004
Oman,OMN,11.5,0.3,AS,2001,2003
Oman,OMN,11.4,0.3,AS,2000,2002
Oman,OMN,11.8,0.3,AS,1999,2001
Pakistan,PAK,19.9,37.6,AS,2014,2016
Pakistan,PAK,20.7,38.3,AS,2013,2015
Pakistan,PAK,20.8,37.8,AS,2012,2014
Pakistan,PAK,21,37.2,AS,2011,2013
Pakistan,PAK,21,36.5,AS,2010,2012
Pakistan,PAK,21.1,35.8,AS,2009,2011
Pakistan,PAK,21.1,35.1,AS,2008,2010
Pakistan,PAK,21.3,34.8,AS,2007,2009
Pakistan,PAK,21.7,34.7,AS,2006,2008
Pakistan,PAK,22.4,35.1,AS,2005,2007
Pakistan,PAK,23.3,35.7,AS,2004,2006
Pakistan,PAK,24.5,36.8,AS,2003,2005
Pakistan,PAK,25.5,37.5,AS,2002,2004
Pakistan,PAK,25.7,37.1,AS,2001,2003
Pakistan,PAK,24.8,35,AS,2000,2002
Pakistan,PAK,23.4,32.4,AS,1999,2001
Panama,PAN,9.3,0.4,AS,2014,2016
Panama,PAN,9.5,0.4,AS,2013,2015
Panama,PAN,9.9,0.4,AS,2012,2014
Panama,PAN,10.7,0.4,AS,2011,2013
Panama,PAN,11.9,0.4,AS,2010,2012
Panama,PAN,13.4,0.5,AS,2009,2011
Panama,PAN,14.9,0.5,AS,2008,2010
Panama,PAN,16.5,0.6,AS,2007,2009
Panama,PAN,18.5,0.6,AS,2006,2008
Panama,PAN,21.2,0.7,AS,2005,2007
Panama,PAN,23.1,0.8,AS,2004,2006
Panama,PAN,23.9,0.8,AS,2003,2005
Panama,PAN,23.4,0.7,AS,2002,2004
Panama,PAN,24.3,0.8,AS,2001,2003
Panama,PAN,26.2,0.8,AS,2000,2002
Panama,PAN,27.7,0.8,AS,1999,2001
Paraguay,PRY,12,0.8,AS,2014,2016
Paraguay,PRY,12.4,0.8,AS,2013,2015
Paraguay,PRY,12.3,0.8,AS,2012,2014
Paraguay,PRY,12,0.8,AS,2011,2013
Paraguay,PRY,11.9,0.7,AS,2010,2012
Paraguay,PRY,12.2,0.8,AS,2009,2011
Paraguay,PRY,12.7,0.8,AS,2008,2010
Paraguay,PRY,12.8,0.8,AS,2007,2009
Paraguay,PRY,12.6,0.8,AS,2006,2008
Paraguay,PRY,12.4,0.7,AS,2005,2007
Paraguay,PRY,11.9,0.7,AS,2004,2006
Paraguay,PRY,11.2,0.6,AS,2003,2005
Paraguay,PRY,11,0.6,AS,2002,2004
Paraguay,PRY,11.5,0.6,AS,2001,2003
Paraguay,PRY,12.2,0.7,AS,2000,2002
Paraguay,PRY,12.9,0.7,AS,1999,2001
Peru,PER,7.9,2.5,AS,2014,2016
Peru,PER,7.6,2.4,AS,2013,2015
Peru,PER,8.3,2.5,AS,2012,2014
Peru,PER,9,2.7,AS,2011,2013
Peru,PER,10.1,3,AS,2010,2012
Peru,PER,11.2,3.3,AS,2009,2011
Peru,PER,12.6,3.7,AS,2008,2010
Peru,PER,14.2,4.1,AS,2007,2009
Peru,PER,15.7,4.5,AS,2006,2008
Peru,PER,17.6,4.9,AS,2005,2007
Peru,PER,19.6,5.4,AS,2004,2006
Peru,PER,21.6,5.9,AS,2003,2005
Peru,PER,22.6,6.1,AS,2002,2004
Peru,PER,22.3,5.9,AS,2001,2003
Peru,PER,21.7,5.7,AS,2000,2002
Peru,PER,21.8,5.7,AS,1999,2001
Philippines,PHL,13.8,13.9,AS,2014,2016
Philippines,PHL,14.3,14.1,AS,2013,2015
Philippines,PHL,14.4,14.1,AS,2012,2014
Philippines,PHL,14.3,13.7,AS,2011,2013
Philippines,PHL,13.9,13.1,AS,2010,2012
Philippines,PHL,13.4,12.4,AS,2009,2011
Philippines,PHL,13.1,12,AS,2008,2010
Philippines,PHL,13.3,12.1,AS,2007,2009
Philippines,PHL,14.1,12.6,AS,2006,2008
Philippines,PHL,15.2,13.3,AS,2005,2007
Philippines,PHL,16.3,14.1,AS,2004,2006
Philippines,PHL,17.4,14.7,AS,2003,2005
Philippines,PHL,18.5,15.3,AS,2002,2004
Philippines,PHL,19.1,15.6,AS,2001,2003
Philippines,PHL,19.7,15.7,AS,2000,2002
Philippines,PHL,20.4,15.9,AS,1999,2001
Moldova,MDA,8.5,0.3,AS,2014,2016
Moldova,MDA,8.1,0.3,AS,2013,2015
Moldova,MDA,7.8,0.3,AS,2012,2014
Moldova,MDA,8.8,0.4,AS,2011,2013
Moldova,MDA,11,0.4,AS,2010,2012
Moldova,MDA,13.9,0.6,AS,2009,2011
Moldova,MDA,16.3,0.7,AS,2008,2010
Moldova,MDA,18.5,0.8,AS,2007,2009
Moldova,MDA,21.4,0.9,AS,2006,2008
Moldova,MDA,23.5,1,AS,2005,2007
Moldova,MDA,24.2,1,AS,2004,2006
Moldova,MDA,22.7,0.9,AS,2003,2005
Moldova,MDA,21.3,0.9,AS,2002,2004
Moldova,MDA,20,0.8,AS,2001,2003
Moldova,MDA,19.6,0.8,AS,2000,2002
Moldova,MDA,19.6,0.8,AS,1999,2001
Russia,RUS,2.6,3.7,AS,2003,2005
Russia,RUS,3.1,4.5,AS,2002,2004
Russia,RUS,3.7,5.4,AS,2001,2003
Russia,RUS,4.4,6.4,AS,2000,2002
Russia,RUS,5.1,7.4,AS,1999,2001
Rwanda,RWA,41.1,4.8,AS,2014,2016
Rwanda,RWA,38.5,4.4,AS,2013,2015
Rwanda,RWA,35.6,3.9,AS,2012,2014
Rwanda,RWA,33.6,3.6,AS,2011,2013
Rwanda,RWA,33.3,3.5,AS,2010,2012
Rwanda,RWA,34.2,3.5,AS,2009,2011
Rwanda,RWA,36.1,3.6,AS,2008,2010
Rwanda,RWA,38.7,3.8,AS,2007,2009
Rwanda,RWA,41.2,3.9,AS,2006,2008
Rwanda,RWA,43.3,4,AS,2005,2007
Rwanda,RWA,44.5,4,AS,2004,2006
Rwanda,RWA,44.8,4,AS,2003,2005
Rwanda,RWA,44.7,3.9,AS,2002,2004
Rwanda,RWA,45.3,3.9,AS,2001,2003
Rwanda,RWA,49.2,4.1,AS,2000,2002
Rwanda,RWA,54.9,4.4,AS,1999,2001
Saudi Arabia,SAU,4.4,1.4,AS,2014,2016
Saudi Arabia,SAU,4.8,1.5,AS,2013,2015
Saudi Arabia,SAU,5.1,1.6,AS,2012,2014
Saudi Arabia,SAU,5.6,1.6,AS,2011,2013
Saudi Arabia,SAU,6.3,1.8,AS,2010,2012
Saudi Arabia,SAU,6.9,2,AS,2009,2011
Saudi Arabia,SAU,7.6,2.1,AS,2008,2010
Saudi Arabia,SAU,7.8,2.1,AS,2007,2009
Saudi Arabia,SAU,7.8,2,AS,2006,2008
Saudi Arabia,SAU,7.9,2,AS,2005,2007
Saudi Arabia,SAU,8,2,AS,2004,2006
Saudi Arabia,SAU,8.1,1.9,AS,2003,2005
Saudi Arabia,SAU,7.7,1.8,AS,2002,2004
Saudi Arabia,SAU,7.1,1.6,AS,2001,2003
Saudi Arabia,SAU,6.6,1.4,AS,2000,2002
Saudi Arabia,SAU,6.2,1.3,AS,1999,2001
Senegal,SEN,11.3,1.7,AS,2014,2016
Senegal,SEN,11.6,1.7,AS,2013,2015
Senegal,SEN,12.1,1.7,AS,2012,2014
Senegal,SEN,12.5,1.7,AS,2011,2013
Senegal,SEN,12.8,1.7,AS,2010,2012
Senegal,SEN,13,1.7,AS,2009,2011
Senegal,SEN,13.5,1.7,AS,2008,2010
Senegal,SEN,14.5,1.8,AS,2007,2009
Senegal,SEN,16.6,2,AS,2006,2008
Senegal,SEN,19,2.2,AS,2005,2007
Senegal,SEN,21.3,2.4,AS,2004,2006
Senegal,SEN,23.1,2.5,AS,2003,2005
Senegal,SEN,24.8,2.7,AS,2002,2004
Senegal,SEN,26.4,2.7,AS,2001,2003
Senegal,SEN,27.3,2.8,AS,2000,2002
Senegal,SEN,28.5,2.8,AS,1999,2001
Serbia,SRB,5.6,0.5,OC,2014,2016
Serbia,SRB,5.7,0.5,OC,2013,2015
Serbia,SRB,5.9,0.5,OC,2012,2014
Serbia,SRB,6,0.5,OC,2011,2013
Serbia,SRB,6,0.5,OC,2010,2012
Serbia,SRB,5.9,0.5,OC,2009,2011
Serbia,SRB,5.9,0.5,OC,2008,2010
Serbia,SRB,5.9,0.5,OC,2007,2009
Serbia,SRB,6,0.5,OC,2006,2008
Serbia,SRB,6,0.5,OC,2005,2007
Sierra Leone,SLE,30.9,2,OC,2014,2016
Sierra Leone,SLE,25.7,1.6,OC,2013,2015
Sierra Leone,SLE,24.6,1.5,OC,2012,2014
Sierra Leone,SLE,24.5,1.5,OC,2011,2013
Sierra Leone,SLE,25.4,1.5,OC,2010,2012
Sierra Leone,SLE,27.2,1.6,OC,2009,2011
Sierra Leone,SLE,28.9,1.6,OC,2008,2010
Sierra Leone,SLE,30.6,1.7,OC,2007,2009
Sierra Leone,SLE,32.3,1.7,OC,2006,2008
Sierra Leone,SLE,34.8,1.8,OC,2005,2007
Sierra Leone,SLE,37.2,1.9,OC,2004,2006
Sierra Leone,SLE,39,1.9,OC,2003,2005
Sierra Leone,SLE,39.8,1.9,OC,2002,2004
Sierra Leone,SLE,40.3,1.8,OC,2001,2003
Sierra Leone,SLE,40.6,1.7,OC,2000,2002
Sierra Leone,SLE,39.9,1.6,OC,1999,2001
Slovakia,SVK,3.1,0.2,OC,2014,2016
Slovakia,SVK,3.3,0.2,OC,2013,2015
Slovakia,SVK,3.7,0.2,OC,2012,2014
Slovakia,SVK,4,0.2,OC,2011,2013
Slovakia,SVK,4.1,0.2,OC,2010,2012
Slovakia,SVK,4.3,0.2,OC,2009,2011
Slovakia,SVK,4.8,0.3,OC,2008,2010
Slovakia,SVK,5.4,0.3,OC,2007,2009
Slovakia,SVK,5.9,0.3,OC,2006,2008
Slovakia,SVK,6.1,0.3,OC,2005,2007
Slovakia,SVK,6.2,0.3,OC,2004,2006
Slovakia,SVK,6.3,0.3,OC,2003,2005
Slovakia,SVK,6.5,0.4,OC,2002,2004
Slovakia,SVK,6.7,0.4,OC,2001,2003
Slovakia,SVK,6.5,0.3,OC,2000,2002
Slovakia,SVK,5.9,0.3,OC,1999,2001
South Africa,ZAF,4.6,2.5,AF,2014,2016
South Africa,ZAF,4,2.2,AF,2013,2015
South Africa,ZAF,3.8,2,AF,2012,2014
South Africa,ZAF,3.6,1.9,AF,2011,2013
South Africa,ZAF,3.7,1.9,AF,2010,2012
South Africa,ZAF,3.9,2,AF,2009,2011
South Africa,ZAF,4.2,2.1,AF,2008,2010
South Africa,ZAF,4.4,2.2,AF,2007,2009
South Africa,ZAF,4.5,2.2,AF,2006,2008
South Africa,ZAF,4.4,2.1,AF,2005,2007
South Africa,ZAF,4.2,2,AF,2004,2006
South Africa,ZAF,4.2,2,AF,2003,2005
South Africa,ZAF,4.2,2,AF,2002,2004
South Africa,ZAF,4.3,2,AF,2001,2003
South Africa,ZAF,4.5,2,AF,2000,2002
South Africa,ZAF,4.7,2.1,AF,1999,2001
Sri Lanka,LKA,22.1,4.6,AS,2014,2016
Sri Lanka,LKA,23,4.7,AS,2013,2015
Sri Lanka,LKA,23.7,4.9,AS,2012,2014
Sri Lanka,LKA,24.5,5,AS,2011,2013
Sri Lanka,LKA,25.1,5.1,AS,2010,2012
Sri Lanka,LKA,25.7,5.2,AS,2009,2011
Sri Lanka,LKA,26.4,5.3,AS,2008,2010
Sri Lanka,LKA,27.1,5.4,AS,2007,2009
Sri Lanka,LKA,28,5.6,AS,2006,2008
Sri Lanka,LKA,28.8,5.7,AS,2005,2007
Sri Lanka,LKA,29.4,5.7,AS,2004,2006
Sri Lanka,LKA,29.8,5.8,AS,2003,2005
Sri Lanka,LKA,29.9,5.8,AS,2002,2004
Sri Lanka,LKA,29.9,5.7,AS,2001,2003
Sri Lanka,LKA,29.6,5.6,AS,2000,2002
Sri Lanka,LKA,29.6,5.6,AS,1999,2001
Sudan,SDN,25.6,10.3,AS,2014,2016
Sudan,SDN,25.7,10.1,AS,2013,2015
Sudan,SDN,25.8,9.9,AS,2012,2014
Sudan,SDN,25.9,9.9,AS,2011,2013
Swaziland,SWZ,19.6,0.3,OC,2014,2016
Swaziland,SWZ,20.5,0.3,OC,2013,2015
Swaziland,SWZ,21.5,0.3,OC,2012,2014
Swaziland,SWZ,22.4,0.3,OC,2011,2013
Swaziland,SWZ,23.1,0.3,OC,2010,2012
Swaziland,SWZ,23.7,0.3,OC,2009,2011
Swaziland,SWZ,23.7,0.3,OC,2008,2010
Swaziland,SWZ,23,0.3,OC,2007,2009
Swaziland,SWZ,21.5,0.2,OC,2006,2008
Swaziland,SWZ,19.5,0.2,OC,2005,2007
Swaziland,SWZ,17.3,0.2,OC,2004,2006
Swaziland,SWZ,15.7,0.2,OC,2003,2005
Swaziland,SWZ,15.5,0.2,OC,2002,2004
Swaziland,SWZ,16.2,0.2,OC,2001,2003
Swaziland,SWZ,17.5,0.2,OC,2000,2002
Swaziland,SWZ,19.3,0.2,OC,1999,2001
Tajikistan,TJK,30.1,2.6,OC,2014,2016
Tajikistan,TJK,30.5,2.5,OC,2013,2015
Tajikistan,TJK,32,2.6,OC,2012,2014
Tajikistan,TJK,34.3,2.7,OC,2011,2013
Tajikistan,TJK,36.8,2.9,OC,2010,2012
Tajikistan,TJK,37.8,2.9,OC,2009,2011
Tajikistan,TJK,38.3,2.8,OC,2008,2010
Tajikistan,TJK,38.6,2.8,OC,2007,2009
Tajikistan,TJK,39.2,2.8,OC,2006,2008
Tajikistan,TJK,40.2,2.8,OC,2005,2007
Tajikistan,TJK,41.5,2.8,OC,2004,2006
Tajikistan,TJK,43.2,2.9,OC,2003,2005
Tajikistan,TJK,44.2,2.9,OC,2002,2004
Tajikistan,TJK,44.2,2.8,OC,2001,2003
Tajikistan,TJK,43.2,2.7,OC,2000,2002
Tajikistan,TJK,42.4,2.6,OC,1999,2001
Thailand,THA,9.5,6.5,OC,2014,2016
Thailand,THA,8.5,5.7,OC,2013,2015
Thailand,THA,8.5,5.7,OC,2012,2014
Thailand,THA,8.5,5.7,OC,2011,2013
Thailand,THA,8.8,5.9,OC,2010,2012
Thailand,THA,9.3,6.2,OC,2009,2011
Thailand,THA,9.8,6.5,OC,2008,2010
Thailand,THA,10,6.6,OC,2007,2009
Thailand,THA,10.3,6.8,OC,2006,2008
Thailand,THA,10.9,7.2,OC,2005,2007
Thailand,THA,12.3,8.1,OC,2004,2006
Thailand,THA,14,9.2,OC,2003,2005
Thailand,THA,15.7,10.2,OC,2002,2004
Thailand,THA,17,10.9,OC,2001,2003
Thailand,THA,18.3,11.6,OC,2000,2002
Thailand,THA,18.8,11.8,OC,1999,2001
Macedonia,MKD,5.3,0.1,AS,2005,2007
Macedonia,MKD,6.1,0.1,AS,2004,2006
Macedonia,MKD,6.7,0.1,AS,2003,2005
Macedonia,MKD,7.7,0.2,AS,2002,2004
Macedonia,MKD,8.5,0.2,AS,2001,2003
Macedonia,MKD,8.8,0.2,AS,2000,2002
Macedonia,MKD,7.9,0.2,AS,1999,2001
East Timor,TLS,26.9,0.3,OC,2014,2016
East Timor,TLS,27,0.3,OC,2013,2015
East Timor,TLS,27.4,0.3,OC,2012,2014
East Timor,TLS,28.2,0.3,OC,2011,2013
East Timor,TLS,29.8,0.3,OC,2010,2012
East Timor,TLS,31.3,0.3,OC,2009,2011
East Timor,TLS,32.6,0.3,OC,2008,2010
East Timor,TLS,32.9,0.3,OC,2007,2009
East Timor,TLS,32.9,0.3,OC,2006,2008
East Timor,TLS,32.5,0.3,OC,2005,2007
East Timor,TLS,31.9,0.3,OC,2004,2006
East Timor,TLS,31,0.3,OC,2003,2005
East Timor,TLS,30.9,0.3,OC,2002,2004
East Timor,TLS,32.2,0.3,OC,2001,2003
East Timor,TLS,36,0.3,OC,2000,2002
East Timor,TLS,40.8,0.3,OC,1999,2001
Togo,TGO,11.5,0.8,OC,2014,2016
Togo,TGO,13.3,0.9,OC,2013,2015
Togo,TGO,15.7,1.1,OC,2012,2014
Togo,TGO,18.1,1.2,OC,2011,2013
Togo,TGO,19.8,1.3,OC,2010,2012
Togo,TGO,20.8,1.3,OC,2009,2011
Togo,TGO,21.7,1.3,OC,2008,2010
Togo,TGO,22.6,1.4,OC,2007,2009
Togo,TGO,23.6,1.4,OC,2006,2008
Togo,TGO,24.5,1.4,OC,2005,2007
Togo,TGO,25.6,1.4,OC,2004,2006
Togo,TGO,26.7,1.5,OC,2003,2005
Togo,TGO,28.1,1.5,OC,2002,2004
Togo,TGO,29.2,1.5,OC,2001,2003
Togo,TGO,29.9,1.5,OC,2000,2002
Togo,TGO,30.4,1.5,OC,1999,2001
Trinidad and Tobago,TTO,8.6,0.1,OC,2010,2012
Trinidad and Tobago,TTO,9.6,0.1,OC,2009,2011
Trinidad and Tobago,TTO,10.1,0.1,OC,2008,2010
Trinidad and Tobago,TTO,10.4,0.1,OC,2007,2009
Trinidad and Tobago,TTO,10.7,0.1,OC,2006,2008
Trinidad and Tobago,TTO,11.3,0.1,OC,2005,2007
Trinidad and Tobago,TTO,11.8,0.2,OC,2004,2006
Trinidad and Tobago,TTO,12,0.2,OC,2003,2005
Trinidad and Tobago,TTO,11.8,0.2,OC,2002,2004
Trinidad and Tobago,TTO,11.3,0.1,OC,2001,2003
Trinidad and Tobago,TTO,11.2,0.1,OC,2000,2002
Trinidad and Tobago,TTO,11.6,0.1,OC,1999,2001
Tunisia,TUN,5,0.6,OC,2014,2016
Tunisia,TUN,4.5,0.5,OC,2013,2015
Tunisia,TUN,4.5,0.5,OC,2012,2014
Tunisia,TUN,4.5,0.5,OC,2011,2013
Tunisia,TUN,4.6,0.5,OC,2010,2012
Tunisia,TUN,4.8,0.5,OC,2009,2011
Tunisia,TUN,5,0.5,OC,2008,2010
Tunisia,TUN,5.2,0.5,OC,2007,2009
Tunisia,TUN,5.4,0.6,OC,2006,2008
Tunisia,TUN,5.5,0.6,OC,2005,2007
Tunisia,TUN,5.6,0.6,OC,2004,2006
Tunisia,TUN,5.6,0.6,OC,2003,2005
Tunisia,TUN,5.6,0.6,OC,2002,2004
Tunisia,TUN,5.6,0.5,OC,2001,2003
Tunisia,TUN,5.2,0.5,OC,2000,2002
Tunisia,TUN,4.9,0.5,OC,1999,2001
Turkmenistan,TKM,5.5,0.3,OC,2014,2016
Turkmenistan,TKM,5.5,0.3,OC,2013,2015
Turkmenistan,TKM,5.4,0.3,OC,2012,2014
Turkmenistan,TKM,5.3,0.3,OC,2011,2013
Turkmenistan,TKM,5.1,0.3,OC,2010,2012
Turkmenistan,TKM,4.9,0.2,OC,2009,2011
Turkmenistan,TKM,4.7,0.2,OC,2008,2010
Turkmenistan,TKM,4.5,0.2,OC,2007,2009
Turkmenistan,TKM,4.5,0.2,OC,2006,2008
Turkmenistan,TKM,4.6,0.2,OC,2005,2007
Turkmenistan,TKM,4.8,0.2,OC,2004,2006
Turkmenistan,TKM,5.3,0.2,OC,2003,2005
Turkmenistan,TKM,6,0.3,OC,2002,2004
Turkmenistan,TKM,6.9,0.3,OC,2001,2003
Turkmenistan,TKM,7.6,0.3,OC,2000,2002
Turkmenistan,TKM,8.2,0.4,OC,1999,2001
Uganda,UGA,39,15.2,OC,2014,2016
Uganda,UGA,36.4,13.8,OC,2013,2015
Uganda,UGA,34.5,12.6,OC,2012,2014
Uganda,UGA,32.9,11.6,OC,2011,2013
Uganda,UGA,31.8,10.9,OC,2010,2012
Uganda,UGA,31,10.3,OC,2009,2011
Uganda,UGA,30.5,9.8,OC,2008,2010
Uganda,UGA,29.8,9.2,OC,2007,2009
Uganda,UGA,28.3,8.5,OC,2006,2008
Uganda,UGA,26,7.6,OC,2005,2007
Uganda,UGA,24.3,6.8,OC,2004,2006
Uganda,UGA,23.9,6.5,OC,2003,2005
Uganda,UGA,25.1,6.6,OC,2002,2004
Uganda,UGA,26.6,6.8,OC,2001,2003
Uganda,UGA,27.6,6.8,OC,2000,2002
Uganda,UGA,27.9,6.6,OC,1999,2001
Ukraine,UKR,2.8,1.4,OC,2001,2003
Ukraine,UKR,3.6,1.7,OC,2000,2002
Ukraine,UKR,4.5,2.2,OC,1999,2001
United Arab Emirates,ARE,3.8,0.3,EU,2014,2016
United Arab Emirates,ARE,4,0.4,EU,2013,2015
United Arab Emirates,ARE,4.6,0.4,EU,2012,2014
United Arab Emirates,ARE,5.1,0.5,EU,2011,2013
United Arab Emirates,ARE,5.6,0.5,EU,2010,2012
United Arab Emirates,ARE,6,0.5,EU,2009,2011
United Arab Emirates,ARE,6.2,0.5,EU,2008,2010
United Arab Emirates,ARE,6.1,0.4,EU,2007,2009
United Arab Emirates,ARE,5.7,0.3,EU,2006,2008
United Arab Emirates,ARE,5.1,0.3,EU,2005,2007
United Arab Emirates,ARE,4.2,0.2,EU,2004,2006
United Arab Emirates,ARE,3.4,0.1,EU,2003,2005
Tanzania,TZA,32.3,17.3,OC,2014,2016
Tanzania,TZA,30.6,15.8,OC,2013,2015
Tanzania,TZA,31.4,15.8,OC,2012,2014
Tanzania,TZA,32.5,15.8,OC,2011,2013
Tanzania,TZA,33.6,15.8,OC,2010,2012
Tanzania,TZA,34.7,15.8,OC,2009,2011
Tanzania,TZA,34.6,15.3,OC,2008,2010
Tanzania,TZA,34.2,14.7,OC,2007,2009
Tanzania,TZA,33.3,13.8,OC,2006,2008
Tanzania,TZA,33.6,13.5,OC,2005,2007
Tanzania,TZA,34.6,13.5,OC,2004,2006
Tanzania,TZA,35.9,13.6,OC,2003,2005
Tanzania,TZA,37,13.6,OC,2002,2004
Tanzania,TZA,37,13.3,OC,2001,2003
Tanzania,TZA,37.1,13,OC,2000,2002
Tanzania,TZA,36.7,12.5,OC,1999,2001
Uruguay,URY,3.5,0.1,OC,2006,2008
Uruguay,URY,4,0.1,OC,2005,2007
Uruguay,URY,4.3,0.1,OC,2004,2006
Uruguay,URY,4.3,0.1,OC,2003,2005
Uruguay,URY,4.2,0.1,OC,2002,2004
Uruguay,URY,4.1,0.1,OC,2001,2003
Uruguay,URY,4.1,0.1,OC,2000,2002
Uruguay,URY,4.2,0.1,OC,1999,2001
Uzbekistan,UZB,6.3,1.9,OC,2014,2016
Uzbekistan,UZB,6.5,1.9,OC,2013,2015
Uzbekistan,UZB,6.7,2,OC,2012,2014
Uzbekistan,UZB,7.2,2.1,OC,2011,2013
Uzbekistan,UZB,7.9,2.2,OC,2010,2012
Uzbekistan,UZB,8.8,2.4,OC,2009,2011
Uzbekistan,UZB,9.6,2.6,OC,2008,2010
Uzbekistan,UZB,10.2,2.7,OC,2007,2009
Uzbekistan,UZB,11,2.9,OC,2006,2008
Uzbekistan,UZB,12.4,3.2,OC,2005,2007
Uzbekistan,UZB,14.5,3.8,OC,2004,2006
Uzbekistan,UZB,17,4.3,OC,2003,2005
Uzbekistan,UZB,19,4.8,OC,2002,2004
Uzbekistan,UZB,19.9,5,OC,2001,2003
Uzbekistan,UZB,18.9,4.7,OC,2000,2002
Uzbekistan,UZB,16.4,4,OC,1999,2001
Venezuela,VEN,13,4.1,OC,2014,2016
Venezuela,VEN,9.1,2.8,OC,2013,2015
Venezuela,VEN,6.5,2,OC,2012,2014
Venezuela,VEN,4.7,1.4,OC,2011,2013
Venezuela,VEN,3.7,1.1,OC,2010,2012
Venezuela,VEN,3.1,0.9,OC,2009,2011
Venezuela,VEN,3.1,0.9,OC,2008,2010
Venezuela,VEN,4,1.1,OC,2007,2009
Venezuela,VEN,6,1.7,OC,2006,2008
Venezuela,VEN,8.4,2.3,OC,2005,2007
Venezuela,VEN,10.5,2.8,OC,2004,2006
Venezuela,VEN,13.1,3.4,OC,2003,2005
Venezuela,VEN,15.2,3.9,OC,2002,2004
Venezuela,VEN,16.9,4.3,OC,2001,2003
Venezuela,VEN,16.3,4.1,OC,2000,2002
Venezuela,VEN,16.4,4,OC,1999,2001
Vietnam,VNM,10.7,10,OC,2014,2016
Vietnam,VNM,11.2,10.3,OC,2013,2015
Vietnam,VNM,11.9,10.8,OC,2012,2014
Vietnam,VNM,12.4,11.2,OC,2011,2013
Vietnam,VNM,13,11.6,OC,2010,2012
Vietnam,VNM,13.6,12.1,OC,2009,2011
Vietnam,VNM,14.5,12.7,OC,2008,2010
Vietnam,VNM,15.5,13.4,OC,2007,2009
Vietnam,VNM,16.7,14.3,OC,2006,2008
Vietnam,VNM,17.6,14.9,OC,2005,2007
Vietnam,VNM,18.2,15.3,OC,2004,2006
Vietnam,VNM,18.5,15.4,OC,2003,2005
Vietnam,VNM,19.3,16,OC,2002,2004
Vietnam,VNM,20.7,17,OC,2001,2003
Vietnam,VNM,22.5,18.2,OC,2000,2002
Vietnam,VNM,24.3,19.5,OC,1999,2001
Yemen,YEM,28.8,7.7,AF,2014,2016
Yemen,YEM,25.2,6.6,AF,2013,2015
Yemen,YEM,24.6,6.3,AF,2012,2014
Yemen,YEM,24.6,6.1,AF,2011,2013
Yemen,YEM,25,6.1,AF,2010,2012
Yemen,YEM,25.7,6.1,AF,2009,2011
Yemen,YEM,26.3,6,AF,2008,2010
Yemen,YEM,27.1,6,AF,2007,2009
Yemen,YEM,27.7,6,AF,2006,2008
Yemen,YEM,28.9,6.1,AF,2005,2007
Yemen,YEM,30.1,6.2,AF,2004,2006
Yemen,YEM,30.9,6.2,AF,2003,2005
Yemen,YEM,31.1,6,AF,2002,2004
Yemen,YEM,30.7,5.8,AF,2001,2003
Yemen,YEM,30.2,5.5,AF,2000,2002
Yemen,YEM,29.9,5.3,AF,1999,2001
Zambia,ZMB,45.9,7.4,AF,2014,2016
Zambia,ZMB,46.6,7.3,AF,2013,2015
Zambia,ZMB,47.4,7.2,AF,2012,2014
Zambia,ZMB,48.1,7.1,AF,2011,2013
Zambia,ZMB,48.7,7,AF,2010,2012
Zambia,ZMB,49.7,6.9,AF,2009,2011
Zambia,ZMB,51.3,6.9,AF,2008,2010
Zambia,ZMB,53,7,AF,2007,2009
Zambia,ZMB,53.6,6.8,AF,2006,2008
Zambia,ZMB,52.8,6.5,AF,2005,2007
Zambia,ZMB,51.3,6.2,AF,2004,2006
Zambia,ZMB,50.4,5.9,AF,2003,2005
Zambia,ZMB,50.1,5.7,AF,2002,2004
Zambia,ZMB,50.2,5.6,AF,2001,2003
Zambia,ZMB,49.3,5.3,AF,2000,2002
Zambia,ZMB,47.6,5,AF,1999,2001
Zimbabwe,ZWE,44.7,7,AF,2014,2016
Zimbabwe,ZWE,41.3,6.3,AF,2013,2015
Zimbabwe,ZWE,37.3,5.6,AF,2012,2014
Zimbabwe,ZWE,34.1,5,AF,2011,2013
Zimbabwe,ZWE,32.7,4.7,AF,2010,2012
Zimbabwe,ZWE,33.3,4.7,AF,2009,2011
Zimbabwe,ZWE,34.7,4.8,AF,2008,2010
Zimbabwe,ZWE,36,4.9,AF,2007,2009
Zimbabwe,ZWE,37.2,4.9,AF,2006,2008
Zimbabwe,ZWE,38.3,5,AF,2005,2007
Zimbabwe,ZWE,40,5.2,AF,2004,2006
Zimbabwe,ZWE,41.2,5.3,AF,2003,2005
Zimbabwe,ZWE,42.1,5.4,AF,2002,2004
Zimbabwe,ZWE,42.4,5.4,AF,2001,2003
Zimbabwe,ZWE,42.8,5.4,AF,2000,2002
Zimbabwe,ZWE,43.3,5.4,AF,1999,2001
